indx,N,Category,Start,Click,End,Descriptors,Des_1,Des_2,Des_3,Des_4,Des_5,Des_6,shotXPrelim,shotYPrelim,shotX,shotY,goalpoint,distY,distX,shotDist,shotAng,isShot,isOnTarget,isGoal,isHeader,isBigChance,isCounter,isTapIn,prevD5,prevD6,prevCat,isThroughball,isGround,goalLoc,minute
9,1.0,R Goal,53:47:04,53:49:04,53:50:04,,TG,e8,s11,Long Range,nan,,e,8,5,5,13,8,0,8.0,90.0,1,1,1,0,0,0,0,nan,nan,L Unsucc Pass,0,0,s11,53
12,2.0,R Goal,54:11:03,54:13:03,54:14:03,,B3,f11,s17,nan,nan,,f,11,6,11,13,2,1,2.23606797749979,63.43494882292201,1,1,1,0,0,0,0,nan,nan,R Grounded Pass,0,1,s17,54
17,1.0,L Shot On,54:34:03,54:36:03,54:37:03,,G4,g4,s21,nan,nan,,g,4,7,4,0,4,2,4.47213595499958,63.43494882292201,1,1,0,0,0,0,0,nan,nan,R Grounded Pass,0,1,s21,54
21,1.0,R Shot On,55:06:24,55:08:24,55:09:24,,G4,d4,s16,nan,nan,,d,4,4,4,0,4,1,4.123105625617661,75.96375653207352,1,1,0,0,0,0,0,nan,nan,L Grounded Pass,0,1,s16,55
25,2.0,R Shot On,55:20:07,55:22:07,55:23:07,,B2,e10,s21,nan,nan,,e,10,5,10,13,3,0,3.0,90.0,1,1,0,0,0,0,0,Through Ball,nan,R Grounded Pass,1,1,s21,55
27,2.0,L Shot On,55:27:01,55:29:01,55:30:01,,TG,b6,s17,nan,nan,,b,6,2,6,0,6,3,6.708203932499369,63.43494882292201,1,1,0,0,0,0,0,nan,nan,R Grounded Pass,0,1,s17,55
28,3.0,R Goal,55:30:04,55:32:04,55:33:04,,B2,e10,s14,nan,nan,,e,10,5,10,13,3,0,3.0,90.0,1,1,1,0,0,0,0,nan,nan,L Shot On,0,0,s14,55
34,1.0,L Shot Wide,55:57:18,55:59:18,56:00:18,,G2,c2,OT 8,Big Chance,nan,,c,2,3,2,0,2,2,2.8284271247461903,44.99999999999999,1,0,0,0,1,0,0,Through Ball,nan,R Grounded Pass,1,1,OT 8,55
40,3.0,R Shot On,56:30:19,56:32:19,56:33:19,,B3,f11,s16,nan,nan,,f,11,6,11,13,2,1,2.23606797749979,63.43494882292201,1,1,0,0,0,0,0,nan,nan,R Grounded Pass,0,1,s16,56
43,1.0,R Shot Wide,56:43:10,56:45:10,56:46:10,,G4,i6,OT 8,nan,nan,,i,6,9,6,0,6,4,7.211102550927978,56.30993247402022,1,0,0,0,0,0,0,nan,nan,R Grounded Pass,0,1,OT 8,56
45,1.0,R Shot Post,56:59:15,57:01:15,57:02:15,,G6,e3,s13,Big Chance,nan,,e,3,5,3,0,3,0,3.0,90.0,1,0,0,0,1,0,0,nan,nan,R Grounded Pass,0,1,s13,57
48,2.0,R Shot Post,57:06:15,57:08:15,57:09:15,,B2,b12,s13,nan,nan,,b,12,2,12,13,1,3,3.1622776601683795,18.43494882292201,1,0,0,0,0,0,0,nan,nan,R Grounded Pass,0,1,s13,57
49,2.0,R Shot Wide,57:12:00,57:14:00,57:15:00,,TG,d11,OT 7,nan,nan,,d,11,4,11,13,2,1,2.23606797749979,63.43494882292201,1,0,0,0,0,0,0,nan,nan,R Shot Post,0,0,OT 7,57
53,4.0,R Goal,57:35:06,57:37:06,57:38:06,,B2,e11,s18,Big Chance,Tap In,,e,11,5,11,13,2,0,2.0,90.0,1,1,1,0,1,0,1,Through Ball,nan,R Grounded Pass,1,1,s18,57
63,5.0,R Goal,58:53:01,58:55:01,58:56:01,,B2,b10,s14,nan,nan,,b,10,2,10,13,3,3,4.242640687119285,45.00000000000001,1,1,1,0,0,0,0,nan,nan,R Grounded Pass,0,1,s14,58
68,6.0,R Goal,59:17:22,59:19:22,59:20:22,,B2,c10,s15,nan,nan,,c,10,3,10,13,3,2,3.605551275463989,56.30993247402022,1,1,1,0,0,0,0,Through Ball,nan,R Grounded Pass,1,1,s15,59
69,1.0,L Goal,59:25:09,59:27:09,59:28:09,,G2,h3,s14,nan,nan,,h,3,8,3,0,3,3,4.242640687119285,45.00000000000001,1,1,1,0,0,0,0,nan,nan,R Goal,0,0,s14,59
79,2.0,L Goal,60:20:10,60:22:10,60:23:10,,G4,f3,s20,Big Chance,nan,,f,3,6,3,0,3,1,3.1622776601683795,71.56505117707799,1,1,1,0,1,0,0,nan,nan,L Unsucc Pass,0,0,s20,60
81,3.0,L Shot On,60:38:01,60:40:01,60:41:01,,G2,g2,s8,nan,nan,,g,2,7,2,0,2,2,2.8284271247461903,44.99999999999999,1,1,0,0,0,0,0,nan,nan,R Grounded Pass,0,1,s8,60
88,7.0,R Goal,61:08:07,61:10:07,61:11:07,,B2,e11,s15,nan,nan,,e,11,5,11,13,2,0,2.0,90.0,1,1,1,0,0,0,0,Through Ball,HLs,R Aerial Pass,1,0,s15,61
90,4.0,R Shot On,61:31:03,61:33:03,61:34:03,,G4,f3,s14,HLs,nan,,f,3,6,3,0,3,1,3.1622776601683795,71.56505117707799,1,1,0,0,0,0,0,nan,nan,R Aerial Pass,0,0,s14,61
91,8.0,R Goal,61:35:04,61:37:04,61:38:04,,G4,f2,s8,nan,nan,,f,2,6,2,0,2,1,2.23606797749979,63.43494882292201,1,1,1,0,0,0,0,nan,nan,R Shot On,0,0,s8,61
93,9.0,R Goal,61:41:15,61:43:15,61:44:15,,TG,d3,s13,HLs,nan,,d,3,4,3,0,3,1,3.1622776601683795,71.56505117707799,1,1,1,0,0,0,0,nan,nan,R Grounded Pass,0,1,s13,61
107,5.0,R Shot On,62:53:21,62:55:21,62:56:21,,B3,d10,s15,nan,nan,,d,10,4,10,13,3,1,3.1622776601683795,71.56505117707799,1,1,0,0,0,0,0,nan,nan,R Grounded Pass,0,1,s15,62
113,1.0,H Shot On,63:17:08,63:19:08,63:20:08,,G2,g2,s5,nan,nan,,g,2,7,2,0,2,2,2.8284271247461903,44.99999999999999,1,1,0,1,0,0,0,nan,nan,R Grounded Pass,0,1,s5,63
117,3.0,L Goal,63:33:24,63:35:24,63:36:24,,TB,g7,s10,HLs,nan,,g,7,7,7,13,6,2,6.324555320336759,71.56505117707799,1,1,1,0,0,0,0,nan,nan,R Grounded Pass,0,1,s10,63
121,4.0,L Shot On,63:59:24,64:01:24,64:02:24,,G2,g2,s15,nan,nan,,g,2,7,2,0,2,2,2.8284271247461903,44.99999999999999,1,1,0,0,0,0,0,nan,nan,R Grounded Pass,0,1,s15,64
130,6.0,R Shot On,65:22:12,65:24:12,65:25:12,,G3,g9,s4,nan,nan,,g,9,7,9,13,4,2,4.47213595499958,63.43494882292201,1,1,0,0,0,0,0,nan,nan,R Grounded Pass,0,1,s4,65
133,7.0,R Shot On,65:34:19,65:36:19,65:37:19,,TB,c11,s15,nan,nan,,c,11,3,11,13,2,2,2.8284271247461903,44.99999999999999,1,1,0,0,0,0,0,nan,nan,R Grounded Pass,0,1,s15,65
135,1.0,Own Goal,65:44:23,65:46:23,65:47:23,,TB,h6,s21,Bloopers,nan,,h,6,8,6,0,6,3,6.708203932499369,63.43494882292201,1,1,1,0,0,0,0,nan,nan,L Grounded Pass,0,1,s21,65
142,3.0,R Shot Post,66:10:15,66:12:15,66:13:15,,G2,c2,s18,Bloopers,nan,,c,2,3,2,0,2,2,2.8284271247461903,44.99999999999999,1,0,0,0,0,0,0,nan,nan,R Grounded Pass,0,1,s18,66
147,3.0,R Shot Wide,66:40:23,66:42:23,66:43:23,,B5,e4,OT 5,nan,nan,,e,4,5,4,0,4,0,4.0,90.0,1,0,0,0,0,0,0,nan,nan,R Grounded Pass,0,1,OT 5,66
151,4.0,R Shot Wide,67:20:01,67:22:01,67:23:01,,G3,g4,OT 5,nan,nan,,g,4,7,4,0,4,2,4.47213595499958,63.43494882292201,1,0,0,0,0,0,0,nan,nan,R Grounded Pass,0,1,OT 5,67
152,5.0,R Shot Wide,67:42:21,67:44:21,67:45:21,,G2,a3,OT 5,nan,nan,,a,3,1,3,0,3,4,5.0,36.86989764584402,1,0,0,0,0,0,0,nan,nan,R Shot Wide,0,0,OT 5,67
154,8.0,R Shot On,68:06:04,68:08:04,68:09:04,,G3,f3,s16,nan,nan,,f,3,6,3,0,3,1,3.1622776601683795,71.56505117707799,1,1,0,0,0,0,0,nan,nan,R Grounded Pass,0,1,s16,68
162,5.0,L Shot On,69:07:06,69:09:06,69:10:06,,G2,g2,s15,nan,nan,,g,2,7,2,0,2,2,2.8284271247461903,44.99999999999999,1,1,0,0,0,0,0,nan,nan,L Grounded Pass,0,1,s15,69
167,10.0,R Goal,69:41:20,69:43:20,69:44:20,,TB,b3,s17,Long Range,nan,,b,3,2,10,0,10,3,10.44030650891055,73.30075576600638,1,1,1,0,0,0,0,nan,nan,R Grounded Pass,0,1,s17,69
175,11.0,R Goal,70:32:13,70:34:13,70:35:13,,G4,f1,s23,HLs,nan,,f,1,6,1,0,1,1,1.4142135623730951,44.99999999999999,1,1,1,0,0,0,0,Through Ball,nan,R Grounded Pass,1,1,s23,70
180,1.0,R Goal,01:07:17,01:09:17,01:10:17,,TG,e10,s17,nan,nan,,e,10,5,10,13,3,0,3.0,90.0,1,1,1,0,0,0,0,Blunder,nan,R Unsucc Pass,0,0,s17,1
186,1.0,R Shot Wide,01:44:03,01:46:03,01:47:03,,TB,e1,OT 7,Big Chance,nan,,e,1,5,1,0,1,0,1.0,90.0,1,0,0,0,1,0,0,nan,nan,R Grounded Pass,0,1,OT 7,1
193,2.0,R Shot Wide,02:32:15,02:34:15,02:35:15,,B4,d2,OT 8,Big Chance,nan,,d,2,4,2,0,2,1,2.23606797749979,63.43494882292201,1,0,0,0,1,0,0,nan,nan,R Grounded Pass,0,1,OT 8,2
200,2.0,R Goal,03:13:03,03:15:03,03:16:03,,B3,g2,s22,Solo Goal,nan,,g,2,7,2,0,2,2,2.8284271247461903,44.99999999999999,1,1,1,0,0,0,0,nan,nan,R Grounded Pass,0,1,s22,3
202,3.0,R Shot Wide,03:24:14,03:26:14,03:27:14,,G3,h10,OT 8,nan,nan,,h,10,8,10,13,3,3,4.242640687119285,45.00000000000001,1,0,0,0,0,0,0,nan,nan,R Grounded Pass,0,1,OT 8,3
212,1.0,R Shot On,04:07:17,04:09:17,04:10:17,,TG,e11,s10,nan,nan,,e,11,5,11,13,2,0,2.0,90.0,1,1,0,0,0,0,0,nan,nan,R Grounded Pass,0,1,s10,4
217,2.0,R Shot On,04:22:19,04:24:19,04:25:19,,B4,b2,s14,nan,nan,,b,2,2,2,0,2,3,3.605551275463989,33.69006752597979,1,1,0,0,0,0,0,nan,nan,L Grounded Pass,0,1,s14,4
220,1.0,R Shot Post,04:45:20,04:47:20,04:48:20,,B3,g2,s13,nan,nan,,g,2,7,2,0,2,2,2.8284271247461903,44.99999999999999,1,0,0,0,0,0,0,nan,nan,R Grounded Pass,0,1,s13,4
223,3.0,R Goal,05:21:11,05:23:11,05:24:11,,B4,e2,s14,Solo Goal,nan,,e,2,5,2,0,2,0,2.0,90.0,1,1,1,0,0,0,0,nan,nan,L Unsucc Pass,0,0,s14,5
234,3.0,R Shot On,06:04:01,06:06:01,06:07:01,,G3,f11,s17,nan,nan,,f,11,6,11,13,2,1,2.23606797749979,63.43494882292201,1,1,0,0,0,0,0,nan,nan,R Grounded Pass,0,1,s17,6
236,4.0,R Goal,06:28:12,06:30:12,06:31:12,,TG,f12,s14,Big Chance,nan,,f,12,6,12,13,1,1,1.4142135623730951,44.99999999999999,1,1,1,0,1,0,0,nan,nan,R Unsucc Pass,0,0,s14,6
248,4.0,R Shot Wide,07:31:03,07:33:03,07:34:03,,TG,d11,OT 1,Big Chance,nan,,d,11,4,11,13,2,1,2.23606797749979,63.43494882292201,1,0,0,0,1,0,0,nan,nan,R Grounded Pass,0,1,OT 1,7
250,5.0,R Goal,07:52:15,07:54:15,07:55:15,,TG,e12,s9,Big Chance,Tap In,,e,12,5,12,13,1,0,1.0,90.0,1,1,1,0,1,0,1,HLs,nan,L Grounded Pass,0,1,s9,7
252,5.0,R Shot Wide,08:07:14,08:09:14,08:10:14,,B4,f2,OT 8,nan,nan,,f,2,6,2,0,2,1,2.23606797749979,63.43494882292201,1,0,0,0,0,0,0,nan,nan,R Grounded Pass,0,1,OT 8,8
257,6.0,R Shot Wide,08:23:10,08:25:10,08:26:10,,TG,e12,OT 8,Big Chance,nan,,e,12,5,12,13,1,0,1.0,90.0,1,0,0,0,1,0,0,nan,nan,R Grounded Pass,0,1,OT 8,8
263,6.0,R Goal,09:03:15,09:05:15,09:06:15,,G3,f11,s17,Big Chance,HLs,,f,11,6,11,13,2,1,2.23606797749979,63.43494882292201,1,1,1,0,1,0,0,nan,nan,R Grounded Pass,0,1,s17,9
275,7.0,R Goal,10:00:03,10:02:03,10:03:03,,B4,f6,s17,HLs,nan,,f,6,6,6,0,6,1,6.082762530298219,80.53767779197439,1,1,1,0,0,0,0,nan,nan,R Grounded Pass,0,1,s17,10
279,2.0,R Shot Post,11:10:21,11:12:21,11:13:21,,TG,g11,s18,Big Chance,nan,,g,11,7,11,13,2,2,2.8284271247461903,44.99999999999999,1,0,0,0,1,0,0,nan,nan,R Grounded Pass,0,1,s18,11
282,4.0,R Shot On,11:31:08,11:33:08,11:34:08,,B3,e2,s16,nan,nan,,e,2,5,2,0,2,0,2.0,90.0,1,1,0,0,0,0,0,nan,nan,R Grounded Pass,0,1,s16,11
283,1.0,L Goal,11:33:24,11:35:24,11:36:24,,TB,f2,s13,nan,nan,,f,2,6,2,0,2,1,2.23606797749979,63.43494882292201,1,1,1,0,0,0,0,nan,nan,R Shot On,0,0,s13,11
289,7.0,R Shot Wide,12:19:15,12:21:15,12:22:15,,G3,g11,OT 7,nan,nan,,g,11,7,11,13,2,2,2.8284271247461903,44.99999999999999,1,0,0,0,0,0,0,nan,nan,R Grounded Pass,0,1,OT 7,12
301,5.0,R Shot On,13:37:09,13:39:09,13:40:09,,B4,c3,s18,nan,nan,,c,3,3,3,0,3,2,3.605551275463989,56.30993247402022,1,1,0,0,0,0,0,nan,nan,R Grounded Pass,0,1,s18,13
303,6.0,R Shot On,14:00:07,14:02:07,14:03:07,,G3,f11,s22,Big Chance,nan,,f,11,6,11,13,2,1,2.23606797749979,63.43494882292201,1,1,0,0,1,0,0,nan,nan,R Grounded Pass,0,1,s22,14
311,8.0,R Goal,15:17:08,15:19:08,15:20:08,,TG,e11,s23,nan,nan,,e,11,5,11,13,2,0,2.0,90.0,1,1,1,0,0,0,0,nan,nan,L Grounded Pass,0,1,s23,15
314,9.0,R Goal,15:35:05,15:37:05,15:38:05,,G3,e12,s22,Tap In,Big Chance,,e,12,5,12,13,1,0,1.0,90.0,1,1,1,0,1,0,1,Through Ball,nan,R Grounded Pass,1,1,s22,15
316,10.0,R Goal,15:49:00,15:51:00,15:52:00,,TB,e3,s22,nan,nan,,e,3,5,3,0,3,0,3.0,90.0,1,1,1,0,0,0,0,nan,nan,R Grounded Pass,0,1,s22,15
326,1.0,L Shot On,16:48:08,16:50:08,16:51:08,,G3,f12,s16,Tap In,Big Chance,Bloopers,f,12,6,12,13,1,1,1.4142135623730951,44.99999999999999,1,1,0,0,1,0,1,nan,nan,L Grounded Pass,0,1,s16,16
329,2.0,L Goal,16:56:16,16:58:16,16:59:16,,TB,e1,s20,nan,nan,,e,1,5,1,0,1,0,1.0,90.0,1,1,1,0,0,0,0,Through Ball,HLs,R Grounded Pass,1,1,s20,16
330,1.0,Own Goal,17:10:10,17:12:10,17:13:10,,G3,f3,s14,Bloopers,nan,,f,3,6,3,0,3,1,3.1622776601683795,71.56505117707799,1,1,1,0,0,0,0,nan,nan,L Goal,0,0,s14,17
331,11.0,R Goal,17:23:24,17:25:24,17:26:24,,TG,e11,s14,nan,nan,,e,11,5,11,13,2,0,2.0,90.0,1,1,1,0,0,0,0,nan,nan,Own Goal,0,0,s14,17
333,3.0,L Goal,17:46:10,17:48:10,17:49:10,,TG,f12,s8,nan,nan,,f,12,6,12,13,1,1,1.4142135623730951,44.99999999999999,1,1,1,0,0,0,0,nan,nan,R Grounded Pass,0,1,s8,17
335,12.0,R Goal,18:11:08,18:13:08,18:14:08,,G3,d12,s10,nan,nan,,d,12,4,12,13,1,1,1.4142135623730951,44.99999999999999,1,1,1,0,0,0,0,nan,nan,R Grounded Pass,0,1,s10,18
339,13.0,R Goal,18:28:17,18:30:17,18:31:17,,B3,d2,s14,nan,nan,,d,2,4,2,0,2,1,2.23606797749979,63.43494882292201,1,1,1,0,0,0,0,nan,nan,R Grounded Pass,0,1,s14,18
340,14.0,R Goal,18:37:24,18:39:24,18:40:24,,B4,f1,s22,Big Chance,nan,,f,1,6,1,0,1,1,1.4142135623730951,44.99999999999999,1,1,1,0,1,0,0,nan,nan,R Goal,0,0,s22,18
342,15.0,R Goal,18:54:06,18:56:06,18:57:06,,G3,f11,s24,Tap In,nan,,f,11,6,11,13,2,1,2.23606797749979,63.43494882292201,1,1,1,0,0,0,1,HLs,nan,L Grounded Pass,0,1,s24,18
344,7.0,R Shot On,19:06:09,19:08:09,19:09:09,,TB,e2,s16,Bloopers,nan,,e,2,5,2,0,2,0,2.0,90.0,1,1,0,0,0,0,0,nan,nan,R Grounded Pass,0,1,s16,19
347,16.0,R Goal,19:24:16,19:26:16,19:27:16,,TB,f1,s22,Big Chance,nan,,f,1,6,1,0,1,1,1.4142135623730951,44.99999999999999,1,1,1,0,1,0,0,nan,nan,R Grounded Pass,0,1,s22,19
350,4.0,L Goal,19:44:14,19:46:14,19:47:14,,TG,f12,s8,nan,nan,,f,12,6,12,13,1,1,1.4142135623730951,44.99999999999999,1,1,1,0,0,0,0,nan,nan,R Grounded Pass,0,1,s8,19
352,17.0,R Goal,19:58:09,20:00:09,20:01:09,,B3,b1,s13,nan,nan,,b,1,2,1,0,1,3,3.1622776601683795,18.43494882292201,1,1,1,0,0,0,0,nan,nan,R Grounded Pass,0,1,s13,20
353,18.0,R Goal,20:25:06,20:27:06,20:28:06,,TG,d12,s22,nan,nan,,d,12,4,12,13,1,1,1.4142135623730951,44.99999999999999,1,1,1,0,0,0,0,nan,nan,R Goal,0,0,s22,20
356,19.0,R Goal,21:01:01,21:03:01,21:04:01,,TG,f12,s10,nan,nan,,f,12,6,12,13,1,1,1.4142135623730951,44.99999999999999,1,1,1,0,0,0,0,nan,nan,L Grounded Pass,0,1,s10,21
363,20.0,R Goal,21:29:12,21:31:12,21:32:12,,TG,d12,s17,Big Chance,nan,,d,12,4,12,13,1,1,1.4142135623730951,44.99999999999999,1,1,1,0,1,0,0,nan,nan,L Grounded Pass,0,1,s17,21
365,3.0,R Shot Post,21:44:00,21:46:00,21:48:13,,B4,c2,s13,Bloopers,nan,,c,2,3,2,0,2,2,2.8284271247461903,44.99999999999999,1,0,0,0,0,0,0,nan,nan,R Aerial Pass,0,0,s13,21
367,1.0,R Goal,46:00:00,46:02:00,46:03:00,,TG,e11,s24,nan,nan,,e,11,5,11,13,2,0,2.0,90.0,1,1,1,0,0,0,0,nan,nan,R Grounded Pass,0,1,s24,46
369,1.0,L Goal,46:45:24,46:47:24,46:48:24,,TG,e11,s19,nan,nan,,e,11,5,11,13,2,0,2.0,90.0,1,1,1,0,0,0,0,nan,nan,R Unsucc Pass,0,0,s19,46
372,1.0,R Shot Wide,48:50:23,48:52:23,48:53:23,,B5,f3,OT 6,nan,nan,,f,3,6,3,0,3,1,3.1622776601683795,71.56505117707799,1,0,0,0,0,0,0,nan,nan,R Grounded Pass,0,1,OT 6,48
373,2.0,R Goal,50:00:13,50:02:13,50:03:13,,TB,e3,s22,nan,nan,,e,3,5,3,0,3,0,3.0,90.0,1,1,1,0,0,0,0,nan,nan,R Shot Wide,0,0,s22,50
375,2.0,L Goal,51:34:16,51:36:16,51:37:16,,TG,g10,s7,nan,nan,,g,10,7,10,13,3,2,3.605551275463989,56.30993247402022,1,1,1,0,0,0,0,nan,nan,L Grounded Pass,0,1,s7,51
376,3.0,L Goal,52:11:09,52:13:09,52:14:09,,TG,e11,s20,nan,nan,,e,11,5,11,13,2,0,2.0,90.0,1,1,1,0,0,0,0,nan,nan,L Goal,0,0,s20,52
378,3.0,R Goal,52:34:21,52:36:21,52:37:21,,TB,f3,s21,nan,nan,,f,3,6,3,0,3,1,3.1622776601683795,71.56505117707799,1,1,1,0,0,0,0,nan,nan,R Unsucc Pass,0,0,s21,52
379,4.0,R Goal,54:11:04,54:13:04,54:14:04,,TG,d8,s8,nan,nan,,d,8,4,8,13,5,1,5.0990195135927845,78.6900675259798,1,1,1,0,0,0,0,nan,nan,R Goal,0,0,s8,54
381,5.0,R Goal,54:29:09,54:31:09,54:32:09,,TB,d3,s22,Big Chance,Tap In,,d,3,4,3,0,3,1,3.1622776601683795,71.56505117707799,1,1,1,0,1,0,1,nan,nan,R Grounded Pass,0,1,s22,54
385,4.0,L Goal,56:43:23,56:45:23,56:46:23,,TG,d9,s14,nan,nan,,d,9,4,9,13,4,1,4.123105625617661,75.96375653207352,1,1,1,0,0,0,0,HLs,nan,R Grounded Pass,0,1,s14,56
386,6.0,R Goal,57:40:00,57:42:00,57:43:00,,TG,i9,s10,nan,nan,,i,9,9,9,13,4,4,5.656854249492381,44.99999999999999,1,1,1,0,0,0,0,nan,nan,L Goal,0,0,s10,57
390,7.0,R Goal,59:28:07,59:30:07,59:31:07,,TB,e3,s18,nan,nan,,e,3,5,3,0,3,0,3.0,90.0,1,1,1,0,0,0,0,nan,nan,R Grounded Pass,0,1,s18,59
391,8.0,R Goal,59:58:05,60:00:05,60:01:05,,TG,e10,s19,nan,nan,,e,10,5,10,13,3,0,3.0,90.0,1,1,1,0,0,0,0,nan,nan,R Goal,0,0,s19,60
393,5.0,L Goal,60:16:10,60:18:10,60:19:10,,TG,f11,s17,nan,nan,,f,11,6,11,13,2,1,2.23606797749979,63.43494882292201,1,1,1,0,0,0,0,nan,nan,R Unsucc Pass,0,0,s17,60
395,9.0,R Goal,62:30:05,62:32:05,62:33:05,,TG,e10,s21,nan,nan,,e,10,5,10,13,3,0,3.0,90.0,1,1,1,0,0,0,0,nan,nan,R Grounded Pass,0,1,s21,62
396,1.0,R Shot On,63:09:12,63:11:12,63:12:12,,TG,g10,s10,Bloopers,nan,,g,10,7,10,13,3,2,3.605551275463989,56.30993247402022,1,1,0,0,0,0,0,nan,nan,R Goal,0,0,s10,63
397,10.0,R Goal,64:43:18,64:45:18,64:46:18,,TB,f2,s13,nan,nan,,f,2,6,2,0,2,1,2.23606797749979,63.43494882292201,1,1,1,0,0,0,0,nan,nan,R Shot On,0,0,s13,64
398,11.0,R Goal,65:11:13,65:13:13,65:14:13,,TB,c5,s17,nan,nan,,c,5,3,5,0,5,2,5.385164807134504,68.19859051364821,1,1,1,0,0,0,0,nan,nan,R Goal,0,0,s17,65
406,1.0,R Shot Wide,43:50:23,43:52:23,43:53:23,,G5,e2,OT 1,Bloopers,nan,,e,2,5,2,0,2,0,2.0,90.0,1,0,0,0,0,0,0,nan,nan,R Grounded Pass,0,1,OT 1,43
413,1.0,R Goal,44:31:11,44:33:11,44:34:11,,TB,f10,s16,Big Chance,nan,,f,10,6,10,13,3,1,3.1622776601683795,71.56505117707799,1,1,1,0,1,0,0,nan,nan,R Aerial Pass,0,0,s16,44
415,1.0,R Shot On,45:54:22,45:56:22,45:57:22,,G5,d3,s16,nan,nan,,d,3,4,3,0,3,1,3.1622776601683795,71.56505117707799,1,1,0,0,0,0,0,nan,nan,R Unsucc Pass,0,0,s16,45
417,2.0,R Shot Wide,46:54:05,46:56:05,46:57:05,,B3,f9,OT 5,nan,nan,,f,9,6,9,13,4,1,4.123105625617661,75.96375653207352,1,0,0,0,0,0,0,nan,nan,R Grounded Pass,0,1,OT 5,46
427,2.0,R Goal,48:06:09,48:08:09,48:09:09,,B3,c11,s15,nan,nan,,c,11,3,11,13,2,2,2.8284271247461903,44.99999999999999,1,1,1,0,0,0,0,nan,nan,L Grounded Pass,0,1,s15,48
429,3.0,R Shot Wide,49:07:23,49:09:23,49:10:23,,B3,c9,OT 6,nan,nan,,c,9,3,9,13,4,2,4.47213595499958,63.43494882292201,1,0,0,0,0,0,0,nan,nan,R Grounded Pass,0,1,OT 6,49
430,4.0,R Shot Wide,49:48:08,49:50:08,49:51:08,,TG,d2,OT 8,Bloopers,nan,,d,2,4,2,0,2,1,2.23606797749979,63.43494882292201,1,0,0,0,0,0,0,nan,nan,R Shot Wide,0,0,OT 8,49
433,3.0,R Goal,50:07:22,50:09:22,50:10:22,,TB,e11,s17,nan,nan,,e,11,5,11,13,2,0,2.0,90.0,1,1,1,0,0,0,0,Through Ball,nan,R Grounded Pass,1,1,s17,50
438,4.0,R Goal,51:36:02,51:38:02,51:39:02,,TB,d9,s6,nan,nan,,d,9,4,9,13,4,1,4.123105625617661,75.96375653207352,1,1,1,0,0,0,0,nan,nan,R Grounded Pass,0,1,s6,51
441,1.0,R Shot Post,52:07:05,52:09:05,52:10:05,,B6,f10,s19,nan,nan,,f,10,6,10,13,3,1,3.1622776601683795,71.56505117707799,1,0,0,0,0,0,0,nan,nan,R Grounded Pass,0,1,s19,52
460,1.0,L Shot On,55:34:02,55:36:02,55:37:02,,G4,e2,s10,nan,nan,,e,2,5,2,0,2,0,2.0,90.0,1,1,0,0,0,0,0,nan,nan,R Grounded Pass,0,1,s10,55
462,2.0,R Shot On,55:42:14,55:44:14,55:45:14,,G5,c3,s12,HLs,nan,,c,3,3,3,0,3,2,3.605551275463989,56.30993247402022,1,1,0,0,0,0,0,HLs,nan,R Grounded Pass,0,1,s12,55
469,5.0,R Goal,56:40:23,56:42:23,56:43:23,,TB,d11,s15,Big Chance,nan,,d,11,4,11,13,2,1,2.23606797749979,63.43494882292201,1,1,1,0,1,0,0,Through Ball,nan,R Grounded Pass,1,1,s15,56
470,3.0,R Shot On,56:47:13,56:49:13,56:50:13,,G5,g3,s22,nan,nan,,g,3,7,3,0,3,2,3.605551275463989,56.30993247402022,1,1,0,0,0,0,0,nan,nan,R Goal,0,0,s22,56
475,6.0,R Goal,57:06:21,57:08:21,57:09:21,,TB,d11,s11,nan,nan,,d,11,4,11,13,2,1,2.23606797749979,63.43494882292201,1,1,1,0,0,0,0,nan,nan,L Grounded Pass,0,1,s11,57
477,7.0,R Goal,58:01:22,58:03:22,58:04:22,,G4,g3,s11,HLs,nan,,g,3,7,3,0,3,2,3.605551275463989,56.30993247402022,1,1,1,0,0,0,0,nan,nan,R Grounded Pass,0,1,s11,58
478,8.0,R Goal,58:55:16,58:57:16,58:58:16,,G5,e2,s15,nan,nan,,e,2,5,2,0,2,0,2.0,90.0,1,1,1,0,0,0,0,nan,nan,R Goal,0,0,s15,58
482,4.0,R Shot On,59:52:10,59:54:10,59:55:10,,TG,e8,s15,HLs,nan,,e,8,5,8,13,5,0,5.0,90.0,1,1,0,0,0,0,0,nan,nan,R Grounded Pass,0,1,s15,59
488,9.0,R Goal,61:31:04,61:33:04,61:34:04,,G4,g3,s12,nan,nan,,g,3,7,3,0,3,2,3.605551275463989,56.30993247402022,1,1,1,0,0,0,0,nan,nan,R Aerial Pass,0,0,s12,61
494,10.0,R Goal,62:11:02,62:13:02,62:14:02,,G4,h3,s4,nan,nan,,h,3,8,3,0,3,3,4.242640687119285,45.00000000000001,1,1,1,0,0,0,0,nan,nan,R Grounded Pass,0,1,s4,62
500,1.0,R Goal,53:25:18,53:27:18,53:28:18,,TG,f12,s16,nan,nan,,f,12,6,12,13,1,1,1.4142135623730951,44.99999999999999,1,1,1,0,0,0,0,nan,nan,R Grounded Pass,0,1,s16,53
507,1.0,R Shot On,54:18:15,54:20:15,54:21:15,,B4,e5,s10,nan,nan,,e,5,5,5,0,5,0,5.0,90.0,1,1,0,0,0,0,0,nan,nan,L Grounded Pass,0,1,s10,54
508,2.0,R Goal,54:32:09,54:34:09,54:35:09,,TG,e12,s21,nan,nan,,e,12,5,12,13,1,0,1.0,90.0,1,1,1,0,0,0,0,nan,nan,R Shot On,0,0,s21,54
512,2.0,R Shot On,54:50:07,54:52:07,54:53:07,,G2,f11,s9,nan,nan,,f,11,6,11,13,2,1,2.23606797749979,63.43494882292201,1,1,0,0,0,0,0,nan,nan,R Grounded Pass,0,1,s9,54
513,3.0,R Shot On,54:56:09,54:58:09,54:59:09,,G2,f11,s10,nan,nan,,f,11,6,11,13,2,1,2.23606797749979,63.43494882292201,1,1,0,0,0,0,0,nan,nan,R Shot On,0,0,s10,54
517,1.0,R Shot Wide,55:20:23,55:22:23,55:23:23,,B4,b2,OT 7,nan,nan,,b,2,2,2,0,2,3,3.605551275463989,33.69006752597979,1,0,0,0,0,0,0,nan,nan,L Grounded Pass,0,1,OT 7,55
520,2.0,R Shot Wide,55:33:21,55:35:21,55:36:21,,G2,c8,OT 7,nan,nan,,c,8,3,8,13,5,2,5.385164807134504,68.19859051364821,1,0,0,0,0,0,0,HLs,nan,R Grounded Pass,0,1,OT 7,55
523,4.0,R Shot On,55:58:06,56:00:06,56:01:06,,G2,c8,s20,HLs,nan,,c,8,3,8,13,5,2,5.385164807134504,68.19859051364821,1,1,0,0,0,0,0,nan,nan,R Grounded Pass,0,1,s20,56
524,3.0,R Goal,56:02:16,56:04:16,56:05:16,,B4,d5,s16,nan,nan,,d,5,4,5,0,5,1,5.0990195135927845,78.6900675259798,1,1,1,0,0,0,0,nan,nan,R Shot On,0,0,s16,56
527,3.0,R Shot Wide,56:25:17,56:27:17,56:28:17,,TB,g3,OT 1,Big Chance,nan,,g,3,7,3,0,3,2,3.605551275463989,56.30993247402022,1,0,0,0,1,0,0,Through Ball,nan,R Grounded Pass,1,1,OT 1,56
533,4.0,R Goal,56:53:10,56:55:10,56:56:10,,TG,f11,s13,nan,nan,,f,11,6,11,13,2,1,2.23606797749979,63.43494882292201,1,1,1,0,0,0,0,nan,nan,R Grounded Pass,0,1,s13,56
534,5.0,R Goal,57:05:17,57:07:17,57:08:17,,TG,f10,s17,nan,nan,,f,10,6,10,13,3,1,3.1622776601683795,71.56505117707799,1,1,1,0,0,0,0,nan,nan,R Goal,0,0,s17,57
536,1.0,L Shot Wide,57:19:12,57:21:12,57:22:12,,B4,g6,OT 8,nan,nan,,g,6,7,6,0,6,2,6.324555320336759,71.56505117707799,1,0,0,0,0,0,0,nan,nan,R Grounded Pass,0,1,OT 8,57
538,5.0,R Shot On,57:36:12,57:38:12,57:39:12,,B4,f3,s10,nan,nan,,f,3,6,3,0,3,1,3.1622776601683795,71.56505117707799,1,1,0,0,0,0,0,nan,nan,R Unsucc Pass,0,0,s10,57
541,7.0,R Goal,58:04:21,58:06:21,58:07:21,,TG,f7,s11,Long Range,nan,,f,7,6,6,13,7,1,7.0710678118654755,81.869897645844,1,1,1,0,0,0,0,nan,nan,R Unsucc Pass,0,0,s11,58
546,2.0,L Shot Wide,58:37:22,58:39:22,58:40:22,,TG,g10,OT 3,nan,nan,,g,10,7,10,13,3,2,3.605551275463989,56.30993247402022,1,0,0,0,0,0,0,nan,nan,L Grounded Pass,0,1,OT 3,58
548,6.0,R Shot On,59:38:21,59:40:21,59:41:21,,B5,f2,s22,Bloopers,Big Chance,,f,2,6,2,0,2,1,2.23606797749979,63.43494882292201,1,1,0,0,1,0,0,nan,nan,R Grounded Pass,0,1,s22,59
549,7.0,R Shot On,59:55:14,59:57:14,59:58:14,,B4,c12,s4,HLs,nan,,c,12,3,12,13,1,2,2.23606797749979,26.56505117707799,1,1,0,0,0,0,0,Big Chance,nan,R Shot On,0,0,s4,59
570,1.0,L Goal,62:49:03,62:51:03,62:52:03,,TG,c11,s8,nan,nan,,c,11,3,11,13,2,2,2.8284271247461903,44.99999999999999,1,1,1,0,0,0,0,nan,nan,R Grounded Pass,0,1,s8,62
573,8.0,R Goal,63:53:08,63:55:08,63:56:08,,TB,d1,s13,Tap In,nan,,d,1,4,1,0,1,1,1.4142135623730951,44.99999999999999,1,1,1,0,0,0,1,nan,nan,L Grounded Pass,0,1,s13,63
584,4.0,R Shot Wide,65:45:09,65:47:09,65:48:09,,B6,a3,OT 8,nan,nan,,a,3,1,3,0,3,4,5.0,36.86989764584402,1,0,0,0,0,0,0,nan,nan,R Grounded Pass,0,1,OT 8,65
593,5.0,R Shot Wide,66:41:22,66:43:22,66:44:22,,B4,c4,OT 8,nan,nan,,c,4,3,4,0,4,2,4.47213595499958,63.43494882292201,1,0,0,0,0,0,0,nan,nan,L Grounded Pass,0,1,OT 8,66
601,1.0,L Shot On,67:31:05,67:33:05,67:34:05,,B4,f6,s9,nan,nan,,f,6,6,6,0,6,1,6.082762530298219,80.53767779197439,1,1,0,0,0,0,0,nan,nan,L Grounded Pass,0,1,s9,67
608,9.0,R Goal,68:58:12,69:00:12,69:01:12,,TB,e1,s16,nan,nan,,e,1,5,1,0,1,0,1.0,90.0,1,1,1,0,0,0,0,nan,nan,L Unsucc Pass,0,0,s16,69
613,2.0,L Shot On,69:37:10,69:39:10,69:40:10,,B4,i3,s8,nan,nan,,i,3,9,3,0,3,4,5.0,36.86989764584402,1,1,0,0,0,0,0,nan,nan,R Grounded Pass,0,1,s8,69
627,6.0,R Shot Wide,72:57:08,72:59:08,73:00:08,,B4,c10,OT 5,nan,nan,,c,10,3,10,13,3,2,3.605551275463989,56.30993247402022,1,0,0,0,0,0,0,nan,nan,R Grounded Pass,0,1,OT 5,72
632,10.0,R Goal,73:51:00,73:53:00,73:54:00,,B5,c3,s3,nan,nan,,c,3,3,3,0,3,2,3.605551275463989,56.30993247402022,1,1,1,0,0,0,0,nan,nan,R Grounded Pass,0,1,s3,73
639,1.0,L Goal,01:11:01,01:13:01,01:14:01,,TB,d9,s8,nan,nan,,d,9,4,9,13,4,1,4.123105625617661,75.96375653207352,1,1,1,0,0,0,0,nan,nan,R Grounded Pass,0,1,s8,1
643,1.0,R Goal,01:43:16,01:45:16,01:46:16,,TB,d11,s10,nan,nan,,d,11,4,11,13,2,1,2.23606797749979,63.43494882292201,1,1,1,0,0,0,0,nan,nan,R Grounded Pass,0,1,s10,1
649,2.0,L Goal,02:41:23,02:43:23,02:44:23,,G5,d3,s20,Solo Goal,nan,,d,3,4,3,0,3,1,3.1622776601683795,71.56505117707799,1,1,1,0,0,0,0,nan,nan,L Grounded Pass,0,1,s20,2
650,2.0,R Goal,03:08:05,03:10:05,03:11:05,,TG,d1,s22,nan,nan,,d,1,4,1,0,1,1,1.4142135623730951,44.99999999999999,1,1,1,0,0,0,0,nan,nan,L Goal,0,0,s22,3
660,1.0,R Shot On,04:28:16,04:30:16,04:31:16,,B2,h10,s16,nan,nan,,h,10,8,10,13,3,3,4.242640687119285,45.00000000000001,1,1,0,0,0,0,0,nan,nan,R Grounded Pass,0,1,s16,4
671,3.0,L Goal,07:13:09,07:15:09,07:16:09,,TG,f7,s23,Long Range,nan,,f,7,6,6,13,7,1,7.0710678118654755,81.869897645844,1,1,1,0,0,0,0,nan,nan,L Grounded Pass,0,1,s23,7
677,2.0,R Shot On,07:38:03,07:40:03,07:41:03,,B2,h8,s16,nan,nan,,h,8,8,8,13,5,3,5.830951894845301,59.03624346792647,1,1,0,0,0,0,0,nan,nan,R Grounded Pass,0,1,s16,7
679,4.0,L Goal,08:04:10,08:06:10,08:07:10,,TB,f12,s14,nan,nan,,f,12,6,12,13,1,1,1.4142135623730951,44.99999999999999,1,1,1,0,0,0,0,nan,nan,R Grounded Pass,0,1,s14,8
689,3.0,R Goal,09:26:09,09:28:09,09:29:09,,B2,f10,s23,nan,nan,,f,10,6,10,13,3,1,3.1622776601683795,71.56505117707799,1,1,1,0,0,0,0,nan,nan,R Grounded Pass,0,1,s23,9
691,4.0,R Goal,09:44:09,09:46:09,09:47:09,,B2,g10,s13,HLs,nan,,g,10,7,10,13,3,2,3.605551275463989,56.30993247402022,1,1,1,0,0,0,0,nan,nan,R Grounded Pass,0,1,s13,9
692,3.0,R Shot On,10:00:24,10:02:24,10:03:24,,B2,h11,s11,nan,nan,,h,11,8,11,13,2,3,3.605551275463989,33.69006752597979,1,1,0,0,0,0,0,nan,nan,R Goal,0,0,s11,10
698,1.0,R Shot Wide,11:01:17,11:03:17,11:04:17,,G5,b5,OT 5,nan,nan,,b,5,2,5,0,5,3,5.830951894845301,59.03624346792647,1,0,0,0,0,0,0,nan,nan,L Grounded Pass,0,1,OT 5,11
699,1.0,H Shot On,11:58:14,12:00:14,12:01:14,,TG,c2,s17,HLs,nan,,c,2,3,2,0,2,2,2.8284271247461903,44.99999999999999,1,1,0,1,0,0,0,nan,nan,R Shot Wide,0,0,s17,12
702,5.0,L Goal,13:26:02,13:28:02,13:29:02,,TB,c11,s9,nan,nan,,c,11,3,11,13,2,2,2.8284271247461903,44.99999999999999,1,1,1,0,0,0,0,nan,nan,R Unsucc Pass,0,0,s9,13
705,6.0,L Goal,14:49:21,14:51:21,14:52:21,,TG,e3,s21,nan,nan,,e,3,5,3,0,3,0,3.0,90.0,1,1,1,0,0,0,0,nan,nan,R Grounded Pass,0,1,s21,14
707,5.0,R Goal,15:58:13,16:00:13,16:01:13,,TG,f2,s14,Tap In,Big Chance,,f,2,6,2,0,2,1,2.23606797749979,63.43494882292201,1,1,1,0,1,0,1,nan,nan,R Grounded Pass,0,1,s14,16
709,4.0,R Shot On,16:18:13,16:20:13,16:21:13,,G5,d3,s11,nan,nan,,d,3,4,3,0,3,1,3.1622776601683795,71.56505117707799,1,1,0,0,0,0,0,nan,nan,L Grounded Pass,0,1,s11,16
710,6.0,R Goal,16:23:01,16:25:01,16:26:01,,TG,f2,s24,nan,nan,,f,2,6,2,0,2,1,2.23606797749979,63.43494882292201,1,1,1,0,0,0,0,nan,nan,R Shot On,0,0,s24,16
713,2.0,R Shot Wide,16:47:00,16:49:00,16:50:00,,G5,a6,OT 4,nan,nan,,a,6,1,6,0,6,4,7.211102550927978,56.30993247402022,1,0,0,0,0,0,0,nan,nan,L Grounded Pass,0,1,OT 4,16
716,7.0,L Goal,17:54:03,17:56:03,17:57:03,,TG,f2,s20,nan,nan,,f,2,6,2,0,2,1,2.23606797749979,63.43494882292201,1,1,1,0,0,0,0,nan,nan,R Unsucc Pass,0,0,s20,17
718,3.0,R Shot Wide,18:25:01,18:27:01,18:28:01,,G5,c8,OT 4,nan,nan,,c,8,3,8,13,5,2,5.385164807134504,68.19859051364821,1,0,0,0,0,0,0,nan,nan,R Grounded Pass,0,1,OT 4,18
720,7.0,R Goal,19:09:12,19:11:12,19:12:12,,TG,f1,s21,nan,nan,,f,1,6,1,0,1,1,1.4142135623730951,44.99999999999999,1,1,1,0,0,0,0,nan,nan,R Grounded Pass,0,1,s21,19
727,1.0,L Shot Wide,20:50:20,20:52:20,20:53:20,,TG,f3,OT 8,HLs,nan,,f,3,6,3,0,3,1,3.1622776601683795,71.56505117707799,1,0,0,0,0,0,0,nan,nan,R Grounded Pass,0,1,OT 8,20
736,1.0,L Shot On,40:35:23,40:37:23,40:38:23,,B4,b10,s14,nan,nan,,b,10,2,10,13,3,3,4.242640687119285,45.00000000000001,1,1,0,0,0,0,0,nan,nan,R Grounded Pass,0,1,s14,40
739,1.0,R Shot On,40:50:19,40:52:19,40:53:19,,B3,g10,s11,nan,nan,,g,10,7,10,13,3,2,3.605551275463989,56.30993247402022,1,1,0,0,0,0,0,nan,nan,R Grounded Pass,0,1,s11,40
741,1.0,L Shot Wide,41:08:03,41:10:03,41:11:03,,B3,g9,OT 8,HLs,nan,,g,9,7,9,13,4,2,4.47213595499958,63.43494882292201,1,0,0,0,0,0,0,nan,nan,L Grounded Pass,0,1,OT 8,41
742,1.0,R Goal,41:21:15,41:23:15,41:24:15,,B4,f10,s16,nan,nan,,f,10,6,10,13,3,1,3.1622776601683795,71.56505117707799,1,1,1,0,0,0,0,nan,nan,L Shot Wide,0,0,s16,41
748,2.0,R Goal,41:37:00,41:39:00,41:40:00,,G5,e3,s19,nan,nan,,e,3,5,3,0,3,0,3.0,90.0,1,1,1,0,0,0,0,nan,nan,R Grounded Pass,0,1,s19,41
759,2.0,L Shot On,42:59:09,43:01:09,43:02:09,,G4,f2,s8,nan,nan,,f,2,6,2,0,2,1,2.23606797749979,63.43494882292201,1,1,0,0,0,0,0,nan,nan,R Grounded Pass,0,1,s8,43
762,1.0,R Shot Wide,43:14:02,43:16:02,43:17:02,,B4,f10,OT 7,nan,nan,,f,10,6,10,13,3,1,3.1622776601683795,71.56505117707799,1,0,0,0,0,0,0,nan,nan,R Grounded Pass,0,1,OT 7,43
763,2.0,R Shot On,43:31:00,43:33:00,43:34:00,,B4,d9,s15,nan,nan,,d,9,4,9,13,4,1,4.123105625617661,75.96375653207352,1,1,0,0,0,0,0,nan,nan,R Shot Wide,0,0,s15,43
765,3.0,R Shot On,43:37:12,43:39:12,43:40:12,,G5,d3,s16,nan,nan,,d,3,4,3,0,3,1,3.1622776601683795,71.56505117707799,1,1,0,0,0,0,0,Through Ball,nan,R Grounded Pass,1,1,s16,43
766,3.0,R Goal,43:38:15,43:40:15,43:41:15,,G5,d3,s19,nan,nan,,d,3,4,3,0,3,1,3.1622776601683795,71.56505117707799,1,1,1,0,0,0,0,nan,nan,R Shot On,0,0,s19,43
775,4.0,R Goal,44:27:07,44:29:07,44:30:07,,TG,e2,s16,nan,nan,,e,2,5,2,0,2,0,2.0,90.0,1,1,1,0,0,0,0,nan,nan,R Grounded Pass,0,1,s16,44
783,4.0,R Shot On,45:26:20,45:28:20,45:29:20,,B3,f9,s10,nan,nan,,f,9,6,9,13,4,1,4.123105625617661,75.96375653207352,1,1,0,0,0,0,0,nan,nan,R Grounded Pass,0,1,s10,45
788,5.0,R Shot On,45:55:14,45:57:14,45:58:14,,B1,f8,s16,nan,nan,,f,8,6,8,13,5,1,5.0990195135927845,78.6900675259798,1,1,0,0,0,0,0,nan,nan,R Grounded Pass,0,1,s16,45
795,6.0,R Shot On,46:35:09,46:37:09,46:38:09,,B5,c10,s8,Big Chance,nan,,c,10,3,10,13,3,2,3.605551275463989,56.30993247402022,1,1,0,0,1,0,0,nan,nan,R Unsucc Pass,0,0,s8,46
800,7.0,R Shot On,47:16:20,47:18:20,47:19:20,,B3,h3,s18,nan,nan,,h,3,8,3,0,3,3,4.242640687119285,45.00000000000001,1,1,0,0,0,0,0,nan,nan,R Unsucc Pass,0,0,s18,47
801,1.0,R Shot Post,47:45:01,47:47:01,47:48:01,,G4,f1,s18,nan,nan,,f,1,6,1,0,1,1,1.4142135623730951,44.99999999999999,1,0,0,0,0,0,0,nan,nan,R Shot On,0,0,s18,47
809,8.0,R Shot On,48:18:18,48:20:18,48:21:18,,G5,d2,s16,Big Chance,nan,,d,2,4,2,0,2,1,2.23606797749979,63.43494882292201,1,1,0,0,1,0,0,Through Ball,nan,R Grounded Pass,1,1,s16,48
824,9.0,R Shot On,49:33:23,49:35:23,49:36:23,,G3,g6,s9,nan,nan,,g,6,7,6,0,6,2,6.324555320336759,71.56505117707799,1,1,0,0,0,0,0,nan,nan,R Grounded Pass,0,1,s9,49
826,10.0,R Shot On,49:49:16,49:51:16,49:52:16,,B1,f9,s22,nan,nan,,f,9,6,9,13,4,1,4.123105625617661,75.96375653207352,1,1,0,0,0,0,0,nan,nan,L Unsucc Pass,0,0,s22,49
827,2.0,R Shot Wide,49:56:22,49:58:22,49:59:22,,B5,c10,OT 8,nan,nan,,c,10,3,10,13,3,2,3.605551275463989,56.30993247402022,1,0,0,0,0,0,0,nan,nan,R Shot On,0,0,OT 8,49
832,11.0,R Shot On,50:55:11,50:57:11,50:58:11,,B5,e9,s4,nan,nan,,e,9,5,9,13,4,0,4.0,90.0,1,1,0,0,0,0,0,nan,nan,R Grounded Pass,0,1,s4,50
834,12.0,R Shot On,51:08:05,51:10:05,51:11:05,,B1,g10,s15,nan,nan,,g,10,7,10,13,3,2,3.605551275463989,56.30993247402022,1,1,0,0,0,0,0,nan,nan,R Grounded Pass,0,1,s15,51
846,3.0,R Shot Wide,52:29:11,52:31:11,52:32:11,,B3,c10,OT 8,nan,nan,,c,10,3,10,13,3,2,3.605551275463989,56.30993247402022,1,0,0,0,0,0,0,nan,nan,R Grounded Pass,0,1,OT 8,52
848,5.0,R Goal,52:47:09,52:49:09,52:50:09,,B3,e10,s23,nan,nan,,e,10,5,10,13,3,0,3.0,90.0,1,1,1,0,0,0,0,nan,nan,R Grounded Pass,0,1,s23,52
852,1.0,R Shot On,43:14:15,43:16:15,43:17:15,,B5,c3,s17,nan,nan,,c,3,3,3,0,3,2,3.605551275463989,56.30993247402022,1,1,0,0,0,0,0,nan,nan,R Grounded Pass,0,1,s17,43
859,1.0,R Shot Post,43:58:00,44:00:00,44:01:00,,G1,d11,s13,nan,nan,,d,11,4,11,13,2,1,2.23606797749979,63.43494882292201,1,0,0,0,0,0,0,nan,nan,R Grounded Pass,0,1,s13,44
861,1.0,R Shot Wide,44:06:14,44:08:14,44:09:14,,B4,b5,OT 7,nan,nan,,b,5,2,5,0,5,3,5.830951894845301,59.03624346792647,1,0,0,0,0,0,0,nan,nan,L Grounded Pass,0,1,OT 7,44
863,2.0,R Shot On,44:24:19,44:26:19,44:27:19,,B4,c2,s10,nan,nan,,c,2,3,2,0,2,2,2.8284271247461903,44.99999999999999,1,1,0,0,0,0,0,nan,nan,R Grounded Pass,0,1,s10,44
866,1.0,L Shot On,45:07:03,45:09:03,45:10:03,,B3,e5,s8,nan,nan,,e,5,5,5,0,5,0,5.0,90.0,1,1,0,0,0,0,0,Through Ball,nan,R Aerial Pass,1,0,s8,45
872,1.0,R Goal,46:05:06,46:07:06,46:08:15,,TG,c10,s8,Counter Attack,nan,,c,10,3,10,13,3,2,3.605551275463989,56.30993247402022,1,1,1,0,0,1,0,nan,nan,R Grounded Pass,0,1,s8,46
876,1.0,L Goal,46:20:02,46:22:02,46:23:02,,B5,g2,s22,HLs,nan,,g,2,7,2,0,2,2,2.8284271247461903,44.99999999999999,1,1,1,0,0,0,0,Through Ball,nan,L Grounded Pass,1,1,s22,46
881,3.0,R Shot On,46:48:24,46:50:24,46:51:24,,B4,e2,s16,nan,nan,,e,2,5,2,0,2,0,2.0,90.0,1,1,0,0,0,0,0,nan,nan,R Grounded Pass,0,1,s16,46
882,2.0,R Goal,46:50:07,46:52:07,46:53:07,,B4,e2,s17,Big Chance,nan,,e,2,5,2,0,2,0,2.0,90.0,1,1,1,0,1,0,0,nan,nan,R Shot On,0,0,s17,46
891,2.0,L Shot On,47:50:07,47:52:07,47:53:07,,B5,c4,s12,nan,nan,,c,4,3,4,0,4,2,4.47213595499958,63.43494882292201,1,1,0,0,0,0,0,nan,nan,R Grounded Pass,0,1,s12,47
893,4.0,R Shot On,48:07:12,48:09:12,48:10:12,,B4,d3,s10,HLs,nan,,d,3,4,3,0,3,1,3.1622776601683795,71.56505117707799,1,1,0,0,0,0,0,nan,nan,R Grounded Pass,0,1,s10,48
901,5.0,R Shot On,49:33:15,49:35:15,49:36:15,,B4,e6,s16,nan,nan,,e,6,5,6,0,6,0,6.0,90.0,1,1,0,0,0,0,0,nan,nan,L Grounded Pass,0,1,s16,49
902,6.0,R Shot On,49:35:22,49:37:22,49:38:22,,B5,e3,s16,Big Chance,nan,,e,3,5,3,0,3,0,3.0,90.0,1,1,0,0,1,0,0,nan,nan,R Shot On,0,0,s16,49
907,7.0,R Shot On,50:25:01,50:27:01,50:28:01,,B4,c4,s16,nan,nan,,c,4,3,4,0,4,2,4.47213595499958,63.43494882292201,1,1,0,0,0,0,0,nan,nan,L Unsucc Pass,0,0,s16,50
910,3.0,L Shot On,50:40:17,50:42:17,50:43:17,,TB,g2,s10,nan,nan,,g,2,7,2,0,2,2,2.8284271247461903,44.99999999999999,1,1,0,0,0,0,0,HLs,nan,R Aerial Pass,0,0,s10,50
913,3.0,R Goal,50:51:20,50:53:20,50:56:02,,TB,f2,s10,Big Chance,Tap In,,f,2,6,2,0,2,1,2.23606797749979,63.43494882292201,1,1,1,0,1,0,1,nan,nan,L Grounded Pass,0,1,s10,50
929,4.0,R Goal,52:48:09,52:50:09,52:51:09,,B4,g3,s20,nan,nan,,g,3,7,3,0,3,2,3.605551275463989,56.30993247402022,1,1,1,0,0,0,0,nan,nan,R Grounded Pass,0,1,s20,52
934,8.0,R Shot On,53:10:14,53:12:14,53:13:14,,B4,d3,s16,HLs,nan,,d,3,4,3,0,3,1,3.1622776601683795,71.56505117707799,1,1,0,0,0,0,0,nan,nan,R Grounded Pass,0,1,s16,53
937,9.0,R Shot On,53:35:02,53:37:02,53:38:02,,G4,g10,s16,nan,nan,,g,10,7,10,13,3,2,3.605551275463989,56.30993247402022,1,1,0,0,0,0,0,nan,nan,R Grounded Pass,0,1,s16,53
941,10.0,R Shot On,54:05:00,54:07:00,54:08:00,,B5,d5,s24,HLs,nan,,d,5,4,5,0,5,1,5.0990195135927845,78.6900675259798,1,1,0,0,0,0,0,nan,nan,R Grounded Pass,0,1,s24,54
947,5.0,R Goal,54:48:14,54:50:14,54:51:14,,G1,e8,s13,nan,nan,,e,8,5,8,13,5,0,5.0,90.0,1,1,1,0,0,0,0,nan,nan,L Unsucc Pass,0,0,s13,54
948,11.0,R Shot On,54:53:21,54:55:21,54:56:21,,G4,f10,s15,nan,nan,,f,10,6,10,13,3,1,3.1622776601683795,71.56505117707799,1,1,0,0,0,0,0,nan,nan,R Goal,0,0,s15,54
950,2.0,R Shot Wide,55:07:08,55:09:08,55:10:08,,B4,a2,OT 3,nan,nan,,a,2,1,2,0,2,4,4.47213595499958,26.56505117707799,1,0,0,0,0,0,0,nan,nan,R Grounded Pass,0,1,OT 3,55
954,6.0,R Goal,55:15:11,55:17:11,55:18:11,,G4,f11,s6,Tap In,Big Chance,,f,11,6,11,13,2,1,2.23606797749979,63.43494882292201,1,1,1,0,1,0,1,nan,nan,R Grounded Pass,0,1,s6,55
956,3.0,R Shot Wide,55:24:06,55:26:06,55:27:06,,TB,f2,OT 1,nan,nan,,f,2,6,2,0,2,1,2.23606797749979,63.43494882292201,1,0,0,0,0,0,0,Through Ball,nan,R Grounded Pass,1,1,OT 1,55
962,7.0,R Goal,56:04:04,56:06:04,56:07:04,,G5,f9,s18,nan,nan,,f,9,6,9,13,4,1,4.123105625617661,75.96375653207352,1,1,1,0,0,0,0,nan,nan,R Unsucc Pass,0,0,s18,56
964,4.0,L Shot On,56:12:19,56:14:19,56:15:19,,B5,c2,s3,nan,nan,,c,2,3,2,0,2,2,2.8284271247461903,44.99999999999999,1,1,0,0,0,0,0,Through Ball,nan,R Aerial Pass,1,0,s3,56
966,12.0,R Shot On,56:19:10,56:21:10,56:22:10,,G4,g9,s10,nan,nan,,g,9,7,9,13,4,2,4.47213595499958,63.43494882292201,1,1,0,0,0,0,0,nan,nan,R Grounded Pass,0,1,s10,56
972,5.0,L Shot On,56:44:16,56:46:16,56:47:16,,B3,d3,s2,nan,nan,,d,3,4,3,0,3,1,3.1622776601683795,71.56505117707799,1,1,0,0,0,0,0,nan,nan,R Grounded Pass,0,1,s2,56
975,4.0,R Shot Wide,57:30:14,57:32:14,57:33:14,,TB,f3,OT 5,nan,nan,,f,3,6,3,0,3,1,3.1622776601683795,71.56505117707799,1,0,0,0,0,0,0,nan,nan,R Grounded Pass,0,1,OT 5,57
977,13.0,R Shot On,57:45:09,57:47:09,57:48:09,,TB,h3,s10,nan,nan,,h,3,8,3,0,3,3,4.242640687119285,45.00000000000001,1,1,0,0,0,0,0,nan,nan,L Grounded Pass,0,1,s10,57
980,14.0,R Shot On,57:58:13,58:00:13,58:01:13,,B5,b8,s4,nan,nan,,b,8,2,8,13,5,3,5.830951894845301,59.03624346792647,1,1,0,0,0,0,0,nan,nan,R Grounded Pass,0,1,s4,58
984,8.0,R Goal,58:17:08,58:19:08,58:20:08,,TB,g2,s11,nan,nan,,g,2,7,2,0,2,2,2.8284271247461903,44.99999999999999,1,1,1,0,0,0,0,nan,nan,R Grounded Pass,0,1,s11,58
994,9.0,R Goal,59:41:05,59:43:05,59:44:05,,G5,e11,s15,Tap In,Big Chance,,e,11,5,11,13,2,0,2.0,90.0,1,1,1,0,1,0,1,nan,nan,R Grounded Pass,0,1,s15,59
997,10.0,R Goal,59:52:24,59:54:24,59:55:24,,TB,g2,s18,nan,nan,,g,2,7,2,0,2,2,2.8284271247461903,44.99999999999999,1,1,1,0,0,0,0,nan,nan,R Grounded Pass,0,1,s18,59
1018,15.0,R Shot On,62:34:21,62:36:21,62:37:21,,B4,f3,s10,HLs,nan,,f,3,6,3,0,3,1,3.1622776601683795,71.56505117707799,1,1,0,0,0,0,0,nan,nan,R Grounded Pass,0,1,s10,62
1023,1.0,R Goal,20:25:15,20:27:15,20:28:15,,TB,e11,s18,Big Chance,nan,,e,11,5,11,13,2,0,2.0,90.0,1,1,1,0,1,0,0,Through Ball,nan,R Grounded Pass,1,1,s18,20
1024,1.0,L Goal,21:08:10,21:10:10,21:11:10,,TB,e12,s20,nan,nan,,e,12,5,12,13,1,0,1.0,90.0,1,1,1,0,0,0,0,nan,nan,R Goal,0,0,s20,21
1025,2.0,R Goal,21:18:12,21:20:12,21:21:12,,TG,f2,s12,nan,nan,,f,2,6,2,0,2,1,2.23606797749979,63.43494882292201,1,1,1,0,0,0,0,nan,nan,L Goal,0,0,s12,21
1028,1.0,L Shot On,22:09:22,22:11:22,22:12:22,,G3,b2,s10,nan,nan,,b,2,2,2,0,2,3,3.605551275463989,33.69006752597979,1,1,0,0,0,0,0,nan,nan,L Grounded Pass,0,1,s10,22
1033,3.0,R Goal,23:53:23,23:55:23,23:56:23,,TG,e2,s22,nan,nan,,e,2,5,2,0,2,0,2.0,90.0,1,1,1,0,0,0,0,nan,nan,L Grounded Pass,0,1,s22,23
1036,4.0,R Goal,24:18:20,24:20:20,24:21:20,,TB,e11,s22,nan,nan,,e,11,5,11,13,2,0,2.0,90.0,1,1,1,0,0,0,0,nan,nan,R Grounded Pass,0,1,s22,24
1047,1.0,R Shot Wide,25:25:12,25:27:12,25:28:12,,B4,e6,OT 6,nan,nan,,e,6,5,6,0,6,0,6.0,90.0,1,0,0,0,0,0,0,nan,nan,R Grounded Pass,0,1,OT 6,25
1056,1.0,L Goal,37:34:01,37:36:01,37:37:01,,TG,d11,s16,nan,nan,,d,11,4,11,13,2,1,2.23606797749979,63.43494882292201,1,1,1,0,0,0,0,nan,nan,R Grounded Pass,0,1,s16,37
1058,1.0,R Goal,37:46:24,37:48:24,37:49:24,,B6,d3,s22,nan,nan,,d,3,4,3,0,3,1,3.1622776601683795,71.56505117707799,1,1,1,0,0,0,0,Through Ball,nan,R Grounded Pass,1,1,s22,37
1064,1.0,H Shot On,39:38:12,39:40:12,39:42:04,,B6,e3,s15,HLs,nan,,e,3,5,3,0,3,0,3.0,90.0,1,1,0,1,0,0,0,nan,nan,R Aerial Pass,0,0,s15,39
1066,2.0,R Goal,40:36:02,40:38:02,40:39:02,,TG,e11,s22,nan,nan,,e,11,5,11,13,2,0,2.0,90.0,1,1,1,0,0,0,0,nan,nan,R Unsucc Pass,0,0,s22,40
1068,3.0,R Goal,41:12:02,41:14:02,41:15:02,,B6,e2,s19,Tap In,Big Chance,,e,2,5,2,0,2,0,2.0,90.0,1,1,1,0,1,0,1,nan,nan,R Grounded Pass,0,1,s19,41
1069,4.0,R Goal,41:45:16,41:47:16,41:48:16,,TG,e12,s17,nan,nan,,e,12,5,12,13,1,0,1.0,90.0,1,1,1,0,0,0,0,Big Chance,nan,R Goal,0,0,s17,41
1072,5.0,R Goal,42:16:24,42:18:24,42:19:24,,TB,e1,s19,Solo Goal,Big Chance,,e,1,5,1,0,1,0,1.0,90.0,1,1,1,0,1,0,0,nan,nan,R Unsucc Pass,0,0,s19,42
1074,2.0,L Goal,42:53:14,42:55:14,42:56:14,,TG,f11,s8,nan,nan,,f,11,6,11,13,2,1,2.23606797749979,63.43494882292201,1,1,1,0,0,0,0,nan,nan,R Grounded Pass,0,1,s8,42
1078,6.0,R Goal,44:24:19,44:26:19,44:27:19,,TG,e11,s16,nan,nan,,e,11,5,11,13,2,0,2.0,90.0,1,1,1,0,0,0,0,nan,nan,R Unsucc Pass,0,0,s16,44
1081,7.0,R Goal,44:45:18,44:47:18,44:48:18,,TB,e2,s23,Big Chance,nan,,e,2,5,2,0,2,0,2.0,90.0,1,1,1,0,1,0,0,nan,nan,R Grounded Pass,0,1,s23,44
1083,1.0,H Goal,45:11:23,45:13:23,45:14:23,,TB,d2,s5,HLs,Big Chance,,d,2,4,2,0,2,1,2.23606797749979,63.43494882292201,1,1,1,1,1,0,0,nan,nan,R Aerial Pass,0,0,s5,45
1086,1.0,R Shot On,45:31:02,45:33:02,45:34:02,,TB,e2,s10,Bloopers,Big Chance,,e,2,5,2,0,2,0,2.0,90.0,1,1,0,0,1,0,0,nan,nan,R Grounded Pass,0,1,s10,45
1087,1.0,R Shot Wide,45:32:08,45:34:08,45:35:08,,B6,d2,OT 5,nan,nan,,d,2,4,2,0,2,1,2.23606797749979,63.43494882292201,1,0,0,0,0,0,0,Big Chance,nan,R Shot On,0,0,OT 5,45
1088,3.0,L Goal,45:49:03,45:51:03,45:52:03,,TG,d11,s15,nan,nan,,d,11,4,11,13,2,1,2.23606797749979,63.43494882292201,1,1,1,0,0,0,0,nan,nan,R Shot Wide,0,0,s15,45
1090,8.0,R Goal,45:59:10,46:01:10,46:02:10,,B6,d1,s22,Big Chance,nan,,d,1,4,1,0,1,1,1.4142135623730951,44.99999999999999,1,1,1,0,1,0,0,nan,nan,R Grounded Pass,0,1,s22,46
1093,2.0,R Shot On,46:40:23,46:42:23,46:43:23,,TB,e1,s17,Big Chance,nan,,e,1,5,1,0,1,0,1.0,90.0,1,1,0,0,1,0,0,Through Ball,nan,L Grounded Pass,1,1,s17,46
1096,1.0,R Shot Post,47:18:24,47:20:24,47:21:24,,B6,h2,s13,HLs,nan,,h,2,8,2,0,2,3,3.605551275463989,33.69006752597979,1,0,0,0,0,0,0,nan,nan,L Aerial Pass,0,0,s13,47
1098,9.0,R Goal,47:58:20,48:00:20,48:01:20,,B6,d2,s22,Big Chance,nan,,d,2,4,2,0,2,1,2.23606797749979,63.43494882292201,1,1,1,0,1,0,0,nan,nan,R Grounded Pass,0,1,s22,48
1102,10.0,R Goal,48:41:04,48:43:04,48:45:00,,B6,d1,s10,Big Chance,Tap In,,d,1,4,1,0,1,1,1.4142135623730951,44.99999999999999,1,1,1,0,1,0,1,nan,nan,R Grounded Pass,0,1,s10,48
1103,11.0,R Goal,49:12:19,49:14:19,49:15:19,,TG,f12,s16,nan,nan,,f,12,6,12,13,1,1,1.4142135623730951,44.99999999999999,1,1,1,0,0,0,0,Tap In,nan,R Goal,0,0,s16,49
1113,12.0,R Goal,51:47:03,51:49:03,51:50:03,,TG,e12,s21,nan,nan,,e,12,5,12,13,1,0,1.0,90.0,1,1,1,0,0,0,0,nan,nan,R Grounded Pass,0,1,s21,51
1114,4.0,L Goal,53:37:17,53:39:17,53:40:17,,TG,f10,s22,nan,nan,,f,10,6,10,13,3,1,3.1622776601683795,71.56505117707799,1,1,1,0,0,0,0,nan,nan,R Goal,0,0,s22,53
1116,3.0,R Shot On,54:22:09,54:24:09,54:25:09,,B6,g2,s10,nan,nan,,g,2,7,2,0,2,2,2.8284271247461903,44.99999999999999,1,1,0,0,0,0,0,nan,nan,R Grounded Pass,0,1,s10,54
1122,13.0,R Goal,55:06:24,55:08:24,55:09:24,,B6,e3,s17,nan,nan,,e,3,5,3,0,3,0,3.0,90.0,1,1,1,0,0,0,0,nan,nan,L Grounded Pass,0,1,s17,55
1123,14.0,R Goal,55:38:00,55:40:00,55:41:00,,TG,f11,s8,Bloopers,nan,,f,11,6,11,13,2,1,2.23606797749979,63.43494882292201,1,1,1,0,0,0,0,nan,nan,R Goal,0,0,s8,55
1125,15.0,R Goal,56:20:24,56:22:24,56:23:24,,TG,f11,s17,nan,nan,,f,11,6,11,13,2,1,2.23606797749979,63.43494882292201,1,1,1,0,0,0,0,nan,nan,L Aerial Pass,0,0,s17,56
1128,1.0,L Shot Wide,57:21:17,57:23:17,57:24:17,,TB,e5,OT 4,Bloopers,nan,,e,5,5,5,0,5,0,5.0,90.0,1,0,0,0,0,0,0,nan,nan,R Unsucc Pass,0,0,OT 4,57
1138,4.0,R Shot On,59:54:04,59:56:04,59:57:04,,TB,e2,s16,nan,nan,,e,2,5,2,0,2,0,2.0,90.0,1,1,0,0,0,0,0,Through Ball,nan,R Grounded Pass,1,1,s16,59
1142,1.0,Own Goal,60:32:14,60:34:14,60:35:14,,TG,e1,s14,Bloopers,nan,,e,1,5,1,0,1,0,1.0,90.0,1,1,1,0,0,0,0,nan,nan,R Unsucc Pass,0,0,s14,60
1143,16.0,R Goal,60:56:05,60:58:05,60:59:05,,TB,c1,s13,nan,nan,,c,1,3,1,0,1,2,2.23606797749979,26.56505117707799,1,1,1,0,0,0,0,nan,nan,Own Goal,0,0,s13,60
1147,5.0,R Shot On,61:14:00,61:16:00,61:17:00,,B6,f2,s10,nan,nan,,f,2,6,2,0,2,1,2.23606797749979,63.43494882292201,1,1,0,0,0,0,0,nan,nan,R Grounded Pass,0,1,s10,61
1148,17.0,R Goal,61:30:16,61:32:16,61:33:16,,TG,e2,s14,Long Range,nan,,e,2,5,11,0,11,0,11.0,90.0,1,1,1,0,0,0,0,nan,nan,R Shot On,0,0,s14,61
1149,18.0,R Goal,62:01:17,62:03:17,62:04:17,,TG,e12,s16,Big Chance,nan,,e,12,5,12,13,1,0,1.0,90.0,1,1,1,0,1,0,0,nan,nan,R Goal,0,0,s16,62
1157,19.0,R Goal,63:21:00,63:23:00,63:24:00,,TG,f11,s10,Big Chance,nan,,f,11,6,11,13,2,1,2.23606797749979,63.43494882292201,1,1,1,0,1,0,0,nan,nan,R Grounded Pass,0,1,s10,63
1161,6.0,R Shot On,65:00:23,65:02:23,65:03:23,,B6,f5,s10,nan,nan,,f,5,6,5,0,5,1,5.0990195135927845,78.6900675259798,1,1,0,0,0,0,0,nan,nan,R Grounded Pass,0,1,s10,65
1163,20.0,R Goal,65:14:04,65:16:04,65:17:04,,TG,f12,s13,nan,nan,,f,12,6,12,13,1,1,1.4142135623730951,44.99999999999999,1,1,1,0,0,0,0,nan,nan,R Unsucc Pass,0,0,s13,65
1165,21.0,R Goal,65:42:12,65:44:12,65:45:12,,TG,e11,s23,nan,nan,,e,11,5,11,13,2,0,2.0,90.0,1,1,1,0,0,0,0,nan,nan,R Unsucc Pass,0,0,s23,65
1167,22.0,R Goal,65:51:12,65:53:12,65:54:12,,B6,d2,s20,nan,nan,,d,2,4,2,0,2,1,2.23606797749979,63.43494882292201,1,1,1,0,0,0,0,nan,nan,R Grounded Pass,0,1,s20,65
1171,23.0,R Goal,67:22:22,67:24:22,67:25:22,,TG,f10,s22,nan,nan,,f,10,6,10,13,3,1,3.1622776601683795,71.56505117707799,1,1,1,0,0,0,0,nan,nan,R Unsucc Pass,0,0,s22,67
1173,7.0,R Shot On,67:39:14,67:41:14,67:42:14,,B6,e3,s16,nan,nan,,e,3,5,3,0,3,0,3.0,90.0,1,1,0,0,0,0,0,nan,nan,L Grounded Pass,0,1,s16,67
1178,24.0,R Goal,68:45:04,68:47:04,68:48:04,,B6,e4,s12,HLs,nan,,e,4,5,4,0,4,0,4.0,90.0,1,1,1,0,0,0,0,nan,nan,R Grounded Pass,0,1,s12,68
1187,25.0,R Goal,70:17:15,70:19:15,70:20:15,,TB,e2,s22,nan,nan,,e,2,5,2,0,2,0,2.0,90.0,1,1,1,0,0,0,0,nan,nan,R Grounded Pass,0,1,s22,70
1189,2.0,R Shot Wide,70:32:09,70:34:09,70:35:09,,B6,g2,OT 8,nan,nan,,g,2,7,2,0,2,2,2.8284271247461903,44.99999999999999,1,0,0,0,0,0,0,nan,nan,R Grounded Pass,0,1,OT 8,70
1190,5.0,L Goal,70:56:10,70:58:10,70:59:10,,TG,d11,s18,nan,nan,,d,11,4,11,13,2,1,2.23606797749979,63.43494882292201,1,1,1,0,0,0,0,nan,nan,R Shot Wide,0,0,s18,70
1197,6.0,L Goal,71:48:18,71:50:18,71:51:18,,TG,e11,s8,nan,nan,,e,11,5,11,13,2,0,2.0,90.0,1,1,1,0,0,0,0,nan,nan,R Unsucc Pass,0,0,s8,71
1205,26.0,R Goal,72:56:10,72:58:10,72:59:10,,TB,d2,s16,nan,nan,,d,2,4,2,0,2,1,2.23606797749979,63.43494882292201,1,1,1,0,0,0,0,nan,nan,R Grounded Pass,0,1,s16,72
1210,1.0,R Goal,00:23:13,00:25:13,00:26:13,,TG,g2,s10,nan,nan,,g,2,7,2,0,2,2,2.8284271247461903,44.99999999999999,1,1,1,0,0,0,0,nan,nan,R Grounded Pass,0,1,s10,0
1220,2.0,R Goal,00:54:09,00:56:09,00:57:09,,TB,e10,s17,nan,nan,,e,10,5,10,13,3,0,3.0,90.0,1,1,1,0,0,0,0,nan,nan,R Unsucc Pass,0,0,s17,0
1226,3.0,R Goal,01:35:04,01:37:04,01:38:04,,TG,g3,s20,nan,nan,,g,3,7,3,0,3,2,3.605551275463989,56.30993247402022,1,1,1,0,0,0,0,nan,nan,R Grounded Pass,0,1,s20,1
1229,1.0,R Shot On,01:52:05,01:54:05,01:55:05,,B3,g10,s5,nan,nan,,g,10,7,10,13,3,2,3.605551275463989,56.30993247402022,1,1,0,0,0,0,0,nan,nan,R Grounded Pass,0,1,s5,1
1234,2.0,R Shot On,02:34:15,02:36:15,02:37:15,,B2,e11,s20,nan,nan,,e,11,5,11,13,2,0,2.0,90.0,1,1,0,0,0,0,0,nan,nan,R Unsucc Pass,0,0,s20,2
1240,1.0,L Goal,02:56:06,02:58:06,02:59:06,,TB,e11,s23,Big Chance,nan,,e,11,5,11,13,2,0,2.0,90.0,1,1,1,0,1,0,0,Through Ball,nan,R Grounded Pass,1,1,s23,2
1242,4.0,R Goal,03:11:12,03:13:12,03:14:12,,TG,e2,s16,nan,nan,,e,2,5,2,0,2,0,2.0,90.0,1,1,1,0,0,0,0,Through Ball,nan,R Grounded Pass,1,1,s16,3
1256,3.0,R Shot On,04:10:18,04:12:18,04:13:18,,B2,c7,s17,nan,nan,,c,7,3,7,13,6,2,6.324555320336759,71.56505117707799,1,1,0,0,0,0,0,nan,nan,L Grounded Pass,0,1,s17,4
1265,1.0,R Shot Post,04:54:18,04:56:18,04:57:18,,G1,a4,s18,nan,nan,,a,4,1,4,0,4,4,5.656854249492381,44.99999999999999,1,0,0,0,0,0,0,nan,nan,R Grounded Pass,0,1,s18,4
1267,4.0,R Shot On,05:00:22,05:02:22,05:03:22,,G1,e1,s20,Big Chance,nan,,e,1,5,1,0,1,0,1.0,90.0,1,1,0,0,1,0,0,Through Ball,nan,R Grounded Pass,1,1,s20,5
1270,5.0,R Shot On,05:12:05,05:14:05,05:15:05,,B3,c10,s9,nan,nan,,c,10,3,10,13,3,2,3.605551275463989,56.30993247402022,1,1,0,0,0,0,0,nan,nan,R Grounded Pass,0,1,s9,5
1274,6.0,R Shot On,06:00:18,06:02:18,06:03:18,,G1,g3,s22,nan,nan,,g,3,7,3,0,3,2,3.605551275463989,56.30993247402022,1,1,0,0,0,0,0,nan,nan,R Grounded Pass,0,1,s22,6
1275,1.0,Own Goal,06:02:02,06:04:02,06:05:02,,TB,e1,s23,nan,nan,,e,1,5,1,0,1,0,1.0,90.0,1,1,1,0,0,0,0,nan,nan,R Shot On,0,0,s23,6
1280,2.0,R Shot Post,06:34:16,06:36:16,06:37:16,,B2,c7,s7,HLs,nan,,c,7,3,7,13,6,2,6.324555320336759,71.56505117707799,1,0,0,0,0,0,0,nan,nan,R Grounded Pass,0,1,s7,6
1282,5.0,R Goal,06:39:18,06:41:18,06:42:18,,B2,d9,s20,nan,nan,,d,9,4,9,13,4,1,4.123105625617661,75.96375653207352,1,1,1,0,0,0,0,nan,nan,R Grounded Pass,0,1,s20,6
1284,7.0,R Shot On,06:59:12,07:01:12,07:02:12,,TG,a4,s22,nan,nan,,a,4,1,4,0,4,4,5.656854249492381,44.99999999999999,1,1,0,0,0,0,0,nan,nan,L Grounded Pass,0,1,s22,7
1286,1.0,R Shot Wide,07:08:03,07:10:03,07:11:03,,B1,e2,OT 8,nan,nan,,e,2,5,2,0,2,0,2.0,90.0,1,0,0,0,0,0,0,nan,nan,R Grounded Pass,0,1,OT 8,7
1293,6.0,R Goal,08:09:20,08:11:20,08:12:20,,G1,d5,s16,nan,nan,,d,5,4,5,0,5,1,5.0990195135927845,78.6900675259798,1,1,1,0,0,0,0,HLs,nan,R Grounded Pass,0,1,s16,8
1296,8.0,R Shot On,08:46:15,08:48:15,08:49:15,,TB,e11,s9,nan,nan,,e,11,5,11,13,2,0,2.0,90.0,1,1,0,0,0,0,0,nan,nan,R Unsucc Pass,0,0,s9,8
1304,7.0,R Goal,09:24:10,09:26:10,09:27:10,,TG,d4,s4,nan,nan,,d,4,4,4,0,4,1,4.123105625617661,75.96375653207352,1,1,1,0,0,0,0,nan,nan,L Unsucc Pass,0,0,s4,9
1310,8.0,R Goal,09:51:01,09:53:01,09:54:01,,TB,d10,s24,nan,nan,,d,10,4,10,13,3,1,3.1622776601683795,71.56505117707799,1,1,1,0,0,0,0,nan,nan,L Grounded Pass,0,1,s24,9
1324,9.0,R Goal,11:49:18,11:51:18,11:52:18,,TG,i7,s17,Long Range,nan,,i,7,9,6,13,7,4,8.06225774829855,60.255118703057796,1,1,1,0,0,0,0,nan,nan,L Grounded Pass,0,1,s17,11
1330,2.0,L Goal,12:44:16,12:46:16,12:47:17,,B1,f11,s19,Big Chance,Counter Attack,,f,11,6,11,13,2,1,2.23606797749979,63.43494882292201,1,1,1,0,1,1,0,nan,nan,R Grounded Pass,0,1,s19,12
1335,3.0,L Goal,13:51:24,13:53:24,13:54:24,,TB,e12,s23,nan,nan,,e,12,5,12,13,1,0,1.0,90.0,1,1,1,0,0,0,0,nan,nan,R Unsucc Pass,0,0,s23,13
1349,9.0,R Shot On,15:12:18,15:14:18,15:15:18,,B3,g9,s10,nan,nan,,g,9,7,9,13,4,2,4.47213595499958,63.43494882292201,1,1,0,0,0,0,0,nan,nan,R Grounded Pass,0,1,s10,15
1357,10.0,R Goal,15:37:07,15:39:07,15:40:07,,G1,f2,s22,nan,nan,,f,2,6,2,0,2,1,2.23606797749979,63.43494882292201,1,1,1,0,0,0,0,nan,nan,R Grounded Pass,0,1,s22,15
1363,11.0,R Goal,16:08:07,16:10:07,16:11:07,,TG,f3,s4,nan,nan,,f,3,6,3,0,3,1,3.1622776601683795,71.56505117707799,1,1,1,0,0,0,0,nan,nan,R Grounded Pass,0,1,s4,16
1367,12.0,R Goal,16:20:10,16:22:10,16:23:10,,TB,c11,s24,nan,nan,,c,11,3,11,13,2,2,2.8284271247461903,44.99999999999999,1,1,1,0,0,0,0,nan,nan,L Grounded Pass,0,1,s24,16
1378,3.0,R Shot Post,17:08:24,17:10:24,17:11:24,,G1,f3,s18,HLs,nan,,f,3,6,3,0,3,1,3.1622776601683795,71.56505117707799,1,0,0,0,0,0,0,nan,nan,R Grounded Pass,0,1,s18,17
1387,4.0,L Goal,18:16:18,18:18:18,18:19:18,,TB,e11,s20,Big Chance,nan,,e,11,5,11,13,2,0,2.0,90.0,1,1,1,0,1,0,0,Through Ball,nan,R Grounded Pass,1,1,s20,18
1390,10.0,R Shot On,18:42:08,18:44:08,18:45:08,,TG,f8,s21,nan,nan,,f,8,6,8,13,5,1,5.0990195135927845,78.6900675259798,1,1,0,0,0,0,0,nan,nan,R Grounded Pass,0,1,s21,18
1391,11.0,R Shot On,18:44:16,18:46:16,18:47:16,,G1,f3,s20,nan,nan,,f,3,6,3,0,3,1,3.1622776601683795,71.56505117707799,1,1,0,0,0,0,0,nan,nan,R Shot On,0,0,s20,18
1396,12.0,R Shot On,19:11:04,19:13:04,19:14:04,,B2,h10,s21,nan,nan,,h,10,8,10,13,3,3,4.242640687119285,45.00000000000001,1,1,0,0,0,0,0,nan,nan,R Grounded Pass,0,1,s21,19
1397,13.0,R Goal,19:23:13,19:25:13,19:26:13,,TG,d2,s5,nan,nan,,d,2,4,2,0,2,1,2.23606797749979,63.43494882292201,1,1,1,0,0,0,0,nan,nan,R Shot On,0,0,s5,19
1401,13.0,R Shot On,19:40:04,19:42:04,19:43:04,,G1,d2,s20,nan,nan,,d,2,4,2,0,2,1,2.23606797749979,63.43494882292201,1,1,0,0,0,0,0,nan,nan,R Grounded Pass,0,1,s20,19
1412,14.0,R Shot On,20:31:08,20:33:08,20:34:08,,TG,c2,s16,nan,nan,,c,2,3,2,0,2,2,2.8284271247461903,44.99999999999999,1,1,0,0,0,0,0,nan,nan,R Grounded Pass,0,1,s16,20
1416,1.0,L Shot Post,21:10:09,21:12:09,21:13:09,,TB,e10,s2,Big Chance,nan,,e,10,5,10,13,3,0,3.0,90.0,1,0,0,0,1,0,0,nan,nan,R Grounded Pass,0,1,s2,21
1417,15.0,R Shot On,21:13:24,21:15:24,21:16:24,,B1,e9,s17,nan,nan,,e,9,5,9,13,4,0,4.0,90.0,1,1,0,0,0,0,0,nan,nan,L Shot Post,0,0,s17,21
1426,2.0,R Shot Wide,22:06:10,22:08:10,22:09:10,,G1,e6,OT 1,nan,nan,,e,6,5,6,0,6,0,6.0,90.0,1,0,0,0,0,0,0,nan,nan,R Grounded Pass,0,1,OT 1,22
1431,3.0,R Shot Wide,22:50:16,22:52:16,22:53:16,,TB,c10,OT 1,nan,nan,,c,10,3,10,13,3,2,3.605551275463989,56.30993247402022,1,0,0,0,0,0,0,nan,nan,R Grounded Pass,0,1,OT 1,22
1435,14.0,R Goal,23:38:08,23:40:08,23:41:08,,B1,d12,s9,Big Chance,Tap In,,d,12,4,12,13,1,1,1.4142135623730951,44.99999999999999,1,1,1,0,1,0,1,nan,nan,R Grounded Pass,0,1,s9,23
1440,15.0,R Goal,24:03:00,24:05:00,24:06:21,,B1,b10,s14,HLs,nan,,b,10,2,10,13,3,3,4.242640687119285,45.00000000000001,1,1,1,0,0,0,0,nan,nan,R Grounded Pass,0,1,s14,24
1441,16.0,R Goal,24:17:14,24:19:14,24:20:14,,TG,c3,s11,nan,nan,,c,3,3,3,0,3,2,3.605551275463989,56.30993247402022,1,1,1,0,0,0,0,nan,nan,R Goal,0,0,s11,24
1443,1.0,H Shot Wide,24:35:22,24:37:22,24:38:22,,B1,b10,OT 3,nan,nan,,b,10,2,10,13,3,3,4.242640687119285,45.00000000000001,1,0,0,1,0,0,0,Through Ball,nan,R Aerial Pass,1,0,OT 3,24
1445,1.0,L Shot On,24:57:22,24:59:22,25:00:22,,TB,e11,s14,nan,nan,,e,11,5,11,13,2,0,2.0,90.0,1,1,0,0,0,0,0,nan,nan,R Grounded Pass,0,1,s14,24
1447,17.0,R Goal,25:11:07,25:13:07,25:14:07,,B1,d10,s14,Big Chance,nan,,d,10,4,10,13,3,1,3.1622776601683795,71.56505117707799,1,1,1,0,1,0,0,nan,nan,R Grounded Pass,0,1,s14,25
1452,1.0,R Shot On,32:40:07,32:42:07,32:43:07,,B6,c3,s17,nan,nan,,c,3,3,3,0,3,2,3.605551275463989,56.30993247402022,1,1,0,0,0,0,0,nan,nan,R Unsucc Pass,0,0,s17,32
1453,1.0,L Shot Wide,32:41:19,32:43:19,32:44:19,,B6,d3,OT 8,Bloopers,nan,,d,3,4,3,0,3,1,3.1622776601683795,71.56505117707799,1,0,0,0,0,0,0,nan,nan,R Shot On,0,0,OT 8,32
1454,2.0,R Shot On,32:49:24,32:51:24,32:52:24,,B3,d3,s10,nan,nan,,d,3,4,3,0,3,1,3.1622776601683795,71.56505117707799,1,1,0,0,0,0,0,nan,nan,L Shot Wide,0,0,s10,32
1468,2.0,L Shot Wide,35:24:04,35:26:04,35:27:04,,B3,f2,OT 6,nan,nan,,f,2,6,2,0,2,1,2.23606797749979,63.43494882292201,1,0,0,0,0,0,0,nan,nan,R Grounded Pass,0,1,OT 6,35
1470,1.0,L Shot On,35:51:19,35:53:19,35:54:19,,B3,g2,s17,HLs,nan,,g,2,7,2,0,2,2,2.8284271247461903,44.99999999999999,1,1,0,0,0,0,0,nan,nan,R Grounded Pass,0,1,s17,35
1472,1.0,R Goal,36:01:06,36:03:06,36:04:06,,B5,d2,s16,Big Chance,Tap In,,d,2,4,2,0,2,1,2.23606797749979,63.43494882292201,1,1,1,0,1,0,1,nan,nan,R Grounded Pass,0,1,s16,36
1477,3.0,L Shot Wide,36:57:17,36:59:17,37:00:17,,B1,i5,OT 3,nan,nan,,i,5,9,5,0,5,4,6.4031242374328485,51.34019174590991,1,0,0,0,0,0,0,nan,nan,R Grounded Pass,0,1,OT 3,36
1482,3.0,R Shot On,37:17:24,37:19:24,37:20:24,,B1,e3,s16,Big Chance,nan,,e,3,5,3,0,3,0,3.0,90.0,1,1,0,0,1,0,0,nan,nan,R Grounded Pass,0,1,s16,37
1485,2.0,R Goal,37:53:15,37:55:15,37:56:15,,B3,e1,s22,Big Chance,nan,,e,1,5,1,0,1,0,1.0,90.0,1,1,1,0,1,0,0,nan,nan,R Grounded Pass,0,1,s22,37
1486,2.0,L Shot On,38:03:10,38:05:10,38:06:10,,B3,f2,s20,nan,nan,,f,2,6,2,0,2,1,2.23606797749979,63.43494882292201,1,1,0,0,0,0,0,nan,nan,R Goal,0,0,s20,38
1489,1.0,R Shot Wide,38:26:22,38:28:22,38:29:22,,B1,f3,OT 8,nan,nan,,f,3,6,3,0,3,1,3.1622776601683795,71.56505117707799,1,0,0,0,0,0,0,nan,nan,R Grounded Pass,0,1,OT 8,38
1493,3.0,R Goal,39:47:02,39:49:02,39:50:02,,B3,d2,s22,Big Chance,HLs,,d,2,4,2,0,2,1,2.23606797749979,63.43494882292201,1,1,1,0,1,0,0,nan,nan,R Unsucc Pass,0,0,s22,39
1499,2.0,R Shot Wide,41:01:14,41:03:14,41:04:14,,B3,d2,OT 4,nan,nan,,d,2,4,2,0,2,1,2.23606797749979,63.43494882292201,1,0,0,0,0,0,0,nan,nan,R Grounded Pass,0,1,OT 4,41
1501,4.0,R Shot On,42:00:17,42:02:17,42:03:17,,B1,d3,s16,nan,nan,,d,3,4,3,0,3,1,3.1622776601683795,71.56505117707799,1,1,0,0,0,0,0,nan,nan,R Unsucc Pass,0,0,s16,42
1502,5.0,R Shot On,42:07:14,42:09:14,42:10:14,,B1,c2,s11,nan,nan,,c,2,3,2,0,2,2,2.8284271247461903,44.99999999999999,1,1,0,0,0,0,0,nan,nan,R Shot On,0,0,s11,42
1503,3.0,R Shot Wide,42:16:07,42:18:07,42:19:07,,B6,f7,OT 4,nan,nan,,f,7,6,7,13,6,1,6.082762530298219,80.53767779197439,1,0,0,0,0,0,0,nan,nan,R Shot On,0,0,OT 4,42
1505,1.0,L Goal,42:29:18,42:31:18,42:32:18,,B3,f2,s15,nan,nan,,f,2,6,2,0,2,1,2.23606797749979,63.43494882292201,1,1,1,0,0,0,0,nan,nan,R Grounded Pass,0,1,s15,42
1509,4.0,R Shot Wide,43:06:19,43:08:19,43:09:19,,B5,c2,OT 4,nan,nan,,c,2,3,2,0,2,2,2.8284271247461903,44.99999999999999,1,0,0,0,0,0,0,nan,nan,L Grounded Pass,0,1,OT 4,43
1512,1.0,R Shot Post,43:36:23,43:38:23,43:39:23,,B3,e3,s18,nan,nan,,e,3,5,3,0,3,0,3.0,90.0,1,0,0,0,0,0,0,nan,nan,R Grounded Pass,0,1,s18,43
1517,6.0,R Shot On,43:53:18,43:55:18,43:56:18,,B2,g2,s15,nan,nan,,g,2,7,2,0,2,2,2.8284271247461903,44.99999999999999,1,1,0,0,0,0,0,nan,nan,R Grounded Pass,0,1,s15,43
1524,5.0,R Shot Wide,44:17:17,44:19:17,44:20:17,,B5,b2,OT 8,nan,nan,,b,2,2,2,0,2,3,3.605551275463989,33.69006752597979,1,0,0,0,0,0,0,nan,nan,R Grounded Pass,0,1,OT 8,44
1527,4.0,R Goal,44:34:21,44:36:21,44:40:12,,B5,c4,s11,Counter Attack,nan,,c,4,3,4,0,4,2,4.47213595499958,63.43494882292201,1,1,1,0,0,1,0,nan,nan,R Grounded Pass,0,1,s11,44
1528,5.0,R Goal,44:49:22,44:51:22,44:52:22,,B2,e2,s11,Big Chance,Tap In,,e,2,5,2,0,2,0,2.0,90.0,1,1,1,0,1,0,1,nan,nan,R Goal,0,0,s11,44
1529,6.0,R Goal,45:13:13,45:15:13,45:17:04,,B6,d6,s10,Long Range,nan,,d,6,4,7,0,7,1,7.0710678118654755,81.869897645844,1,1,1,0,0,0,0,Tap In,nan,R Goal,0,0,s10,45
1540,6.0,R Shot Wide,47:58:16,48:00:16,48:01:16,,B5,c2,OT 2,nan,nan,,c,2,3,2,0,2,2,2.8284271247461903,44.99999999999999,1,0,0,0,0,0,0,nan,nan,R Grounded Pass,0,1,OT 2,48
1543,7.0,R Shot Wide,48:33:21,48:35:21,48:36:21,,B5,d3,OT 1,nan,nan,,d,3,4,3,0,3,1,3.1622776601683795,71.56505117707799,1,0,0,0,0,0,0,nan,nan,R Grounded Pass,0,1,OT 1,48
1545,7.0,R Goal,49:11:07,49:13:07,49:14:07,,B3,c5,s16,nan,nan,,c,5,3,5,0,5,2,5.385164807134504,68.19859051364821,1,1,1,0,0,0,0,nan,nan,R Unsucc Pass,0,0,s16,49
1546,3.0,L Shot On,49:25:05,49:27:05,49:28:05,,B3,e5,s10,nan,nan,,e,5,5,5,0,5,0,5.0,90.0,1,1,0,0,0,0,0,nan,nan,R Goal,0,0,s10,49
1548,7.0,R Shot On,51:02:04,51:04:04,51:05:04,,B6,e6,s12,nan,nan,,e,6,5,6,0,6,0,6.0,90.0,1,1,0,0,0,0,0,nan,nan,L Grounded Pass,0,1,s12,51
1558,4.0,L Shot On,55:19:23,55:21:23,55:22:23,,B1,d3,s23,nan,nan,,d,3,4,3,0,3,1,3.1622776601683795,71.56505117707799,1,1,0,0,0,0,0,nan,nan,R Unsucc Pass,0,0,s23,55
1561,8.0,R Goal,55:38:20,55:40:20,55:41:20,,B3,e2,s18,Solo Goal,nan,,e,2,5,2,0,2,0,2.0,90.0,1,1,1,0,0,0,0,nan,nan,R Grounded Pass,0,1,s18,55
1562,4.0,L Shot Wide,55:55:24,55:57:24,55:58:24,,B3,f5,OT 1,nan,nan,,f,5,6,5,0,5,1,5.0990195135927845,78.6900675259798,1,0,0,0,0,0,0,nan,nan,R Goal,0,0,OT 1,55
1563,2.0,L Goal,56:59:20,57:01:20,57:02:20,,B3,g7,s20,Long Range,nan,,g,7,7,6,13,7,2,7.280109889280518,74.05460409907715,1,1,1,0,0,0,0,nan,nan,L Shot Wide,0,0,s20,57
1572,5.0,L Shot Wide,59:04:11,59:06:11,59:07:11,,B1,i6,OT 6,nan,nan,,i,6,9,6,0,6,4,7.211102550927978,56.30993247402022,1,0,0,0,0,0,0,nan,nan,L Grounded Pass,0,1,OT 6,59
1573,9.0,R Goal,59:19:20,59:21:20,59:22:20,,B3,b3,s19,Solo Goal,nan,,b,3,2,3,0,3,3,4.242640687119285,45.00000000000001,1,1,1,0,0,0,0,nan,nan,L Shot Wide,0,0,s19,59
1575,8.0,R Shot Wide,59:58:06,60:00:06,60:01:06,,B3,e7,OT 1,nan,nan,,e,7,5,7,13,6,0,6.0,90.0,1,0,0,0,0,0,0,nan,nan,R Unsucc Pass,0,0,OT 1,60
1576,10.0,R Goal,60:09:07,60:11:07,60:12:07,,B3,a2,s13,nan,nan,,a,2,1,2,0,2,4,4.47213595499958,26.56505117707799,1,1,1,0,0,0,0,nan,nan,R Shot Wide,0,0,s13,60
1579,8.0,R Shot On,60:29:17,60:31:17,60:32:17,,B1,d3,s16,nan,nan,,d,3,4,3,0,3,1,3.1622776601683795,71.56505117707799,1,1,0,0,0,0,0,nan,nan,L Grounded Pass,0,1,s16,60
1580,9.0,R Shot Wide,60:31:15,60:33:15,60:34:15,,B5,g2,OT 8,Bloopers,nan,,g,2,7,2,0,2,2,2.8284271247461903,44.99999999999999,1,0,0,0,0,0,0,nan,nan,R Shot On,0,0,OT 8,60
1584,10.0,R Shot Wide,61:25:00,61:27:00,61:28:00,,B5,b3,OT 1,nan,nan,,b,3,2,3,0,3,3,4.242640687119285,45.00000000000001,1,0,0,0,0,0,0,nan,nan,R Grounded Pass,0,1,OT 1,61
1587,11.0,R Shot Wide,61:49:19,61:51:19,61:52:19,,B5,d2,OT 5,nan,nan,,d,2,4,2,0,2,1,2.23606797749979,63.43494882292201,1,0,0,0,0,0,0,nan,nan,L Grounded Pass,0,1,OT 5,61
1591,12.0,R Shot Wide,62:22:04,62:24:04,62:25:04,,B3,g1,OT 1,nan,nan,,g,1,7,1,0,1,2,2.23606797749979,26.56505117707799,1,0,0,0,0,0,0,nan,nan,R Grounded Pass,0,1,OT 1,62
1599,1.0,R Goal,55:10:19,55:12:19,55:13:19,,TB,c2,s13,Big Chance,nan,,c,2,3,2,0,2,2,2.8284271247461903,44.99999999999999,1,1,1,0,1,0,0,Through Ball,nan,R Aerial Pass,1,0,s13,55
1605,1.0,R Shot Wide,56:05:00,56:07:00,56:08:00,,G1,e10,OT 8,nan,nan,,e,10,5,10,13,3,0,3.0,90.0,1,0,0,0,0,0,0,nan,nan,R Grounded Pass,0,1,OT 8,56
1607,2.0,R Goal,56:21:06,56:23:06,56:24:06,,TB,e2,s20,nan,nan,,e,2,5,2,0,2,0,2.0,90.0,1,1,1,0,0,0,0,Through Ball,nan,R Grounded Pass,1,1,s20,56
1618,1.0,R Shot On,57:18:03,57:20:03,57:21:03,,B4,d3,s16,nan,nan,,d,3,4,3,0,3,1,3.1622776601683795,71.56505117707799,1,1,0,0,0,0,0,nan,nan,R Grounded Pass,0,1,s16,57
1622,2.0,R Shot On,58:03:11,58:05:11,58:06:11,,B4,f6,s21,nan,nan,,f,6,6,6,0,6,1,6.082762530298219,80.53767779197439,1,1,0,0,0,0,0,nan,nan,R Grounded Pass,0,1,s21,58
1634,3.0,R Goal,60:05:19,60:07:19,60:08:19,,TB,c2,s16,nan,nan,,c,2,3,2,0,2,2,2.8284271247461903,44.99999999999999,1,1,1,0,0,0,0,nan,nan,R Grounded Pass,0,1,s16,60
1636,4.0,R Goal,60:12:12,60:14:12,60:17:17,,G1,f11,s10,Big Chance,Tap In,,f,11,6,11,13,2,1,2.23606797749979,63.43494882292201,1,1,1,0,1,0,1,nan,nan,R Grounded Pass,0,1,s10,60
1638,1.0,R Shot Post,60:23:02,60:25:02,60:26:02,,B4,d3,s6,HLs,nan,,d,3,4,3,0,3,1,3.1622776601683795,71.56505117707799,1,0,0,0,0,0,0,nan,nan,R Grounded Pass,0,1,s6,60
1645,5.0,R Goal,60:52:20,60:54:20,60:55:20,,TB,g3,s20,nan,nan,,g,3,7,3,0,3,2,3.605551275463989,56.30993247402022,1,1,1,0,0,0,0,nan,nan,R Grounded Pass,0,1,s20,60
1647,3.0,R Shot On,61:11:02,61:13:02,61:14:02,,G1,b10,s15,nan,nan,,b,10,2,10,13,3,3,4.242640687119285,45.00000000000001,1,1,0,0,0,0,0,nan,nan,R Grounded Pass,0,1,s15,61
1651,2.0,R Shot Post,61:26:23,61:28:23,61:29:23,,G1,e12,s18,nan,nan,,e,12,5,12,13,1,0,1.0,90.0,1,0,0,0,0,0,0,nan,nan,R Unsucc Pass,0,0,s18,61
1652,1.0,Own Goal,61:30:07,61:32:07,61:33:07,,TB,e12,s21,nan,nan,,e,12,5,12,13,1,0,1.0,90.0,1,1,1,0,0,0,0,nan,nan,R Shot Post,0,0,s21,61
1654,3.0,R Shot Post,61:40:14,61:42:14,61:43:14,,TB,b3,s6,nan,nan,,b,3,2,3,0,3,3,4.242640687119285,45.00000000000001,1,0,0,0,0,0,0,Through Ball,nan,R Grounded Pass,1,1,s6,61
1655,6.0,R Goal,61:54:12,61:56:12,61:57:12,,TB,e3,s20,nan,nan,,e,3,5,3,0,3,0,3.0,90.0,1,1,1,0,0,0,0,nan,nan,R Shot Post,0,0,s20,61
1660,7.0,R Goal,62:31:03,62:33:03,62:34:03,,B4,e3,s2,Big Chance,nan,,e,3,5,3,0,3,0,3.0,90.0,1,1,1,0,1,0,0,nan,nan,R Grounded Pass,0,1,s2,62
1674,2.0,R Shot Wide,63:21:23,63:23:23,63:24:23,,G1,e9,OT 7,nan,nan,,e,9,5,9,13,4,0,4.0,90.0,1,0,0,0,0,0,0,nan,nan,R Grounded Pass,0,1,OT 7,63
1687,3.0,R Shot Wide,64:50:08,64:52:08,64:53:08,,B4,f4,OT 6,Bloopers,nan,,f,4,6,4,0,4,1,4.123105625617661,75.96375653207352,1,0,0,0,0,0,0,nan,nan,R Grounded Pass,0,1,OT 6,64
1691,1.0,L Shot Wide,65:22:20,65:24:20,65:25:20,,B2,g6,OT 6,nan,nan,,g,6,7,6,0,6,2,6.324555320336759,71.56505117707799,1,0,0,0,0,0,0,nan,nan,R Grounded Pass,0,1,OT 6,65
1698,4.0,R Shot On,66:38:19,66:40:19,66:41:19,,G1,f11,s10,nan,nan,,f,11,6,11,13,2,1,2.23606797749979,63.43494882292201,1,1,0,0,0,0,0,nan,nan,R Grounded Pass,0,1,s10,66
1699,4.0,R Shot Wide,66:48:21,66:50:21,66:51:21,,G1,f7,OT 6,nan,nan,,f,7,6,7,13,6,1,6.082762530298219,80.53767779197439,1,0,0,0,0,0,0,nan,nan,R Shot On,0,0,OT 6,66
1701,1.0,R Goal,52:34:15,52:36:15,52:37:15,,G4,e10,s7,Big Chance,nan,,e,10,5,10,13,3,0,3.0,90.0,1,1,1,0,1,0,0,nan,nan,R Grounded Pass,0,1,s7,52
1707,1.0,R Shot On,53:46:04,53:48:04,53:49:04,,G3,g11,s17,nan,nan,,g,11,7,11,13,2,2,2.8284271247461903,44.99999999999999,1,1,0,0,0,0,0,nan,nan,R Grounded Pass,0,1,s17,53
1716,2.0,R Goal,55:06:14,55:08:14,55:09:14,,TB,f1,s11,Big Chance,Tap In,,f,1,6,1,0,1,1,1.4142135623730951,44.99999999999999,1,1,1,0,1,0,1,nan,nan,L Grounded Pass,0,1,s11,55
1718,3.0,R Goal,55:27:08,55:29:08,55:30:08,,TB,f3,s22,nan,nan,,f,3,6,3,0,3,1,3.1622776601683795,71.56505117707799,1,1,1,0,0,0,0,nan,nan,R Grounded Pass,0,1,s22,55
1721,4.0,R Goal,55:51:01,55:53:01,55:56:04,,TB,f2,s14,Big Chance,Tap In,,f,2,6,2,0,2,1,2.23606797749979,63.43494882292201,1,1,1,0,1,0,1,nan,nan,R Grounded Pass,0,1,s14,55
1723,5.0,R Goal,56:12:06,56:14:06,56:15:06,,TB,e1,s22,Big Chance,Tap In,,e,1,5,1,0,1,0,1.0,90.0,1,1,1,0,1,0,1,nan,nan,R Grounded Pass,0,1,s22,56
1731,1.0,R Shot Wide,57:30:19,57:32:19,57:33:19,,G3,g9,OT 6,nan,nan,,g,9,7,9,13,4,2,4.47213595499958,63.43494882292201,1,0,0,0,0,0,0,nan,nan,R Grounded Pass,0,1,OT 6,57
1735,1.0,L Goal,57:56:05,57:58:05,57:59:05,,TB,f2,s20,Big Chance,Tap In,,f,2,6,2,0,2,1,2.23606797749979,63.43494882292201,1,1,1,0,1,0,1,nan,nan,R Unsucc Pass,0,0,s20,57
1736,1.0,H Shot On,58:02:22,58:04:22,58:05:22,,G3,e12,s23,nan,nan,,e,12,5,12,13,1,0,1.0,90.0,1,1,0,1,0,0,0,Tap In,nan,L Goal,0,0,s23,58
1737,6.0,R Goal,58:14:20,58:16:20,58:17:20,,G1,e11,s21,nan,nan,,e,11,5,11,13,2,0,2.0,90.0,1,1,1,0,0,0,0,nan,nan,H Shot On,0,0,s21,58
1740,7.0,R Goal,58:39:05,58:41:05,58:42:05,,TB,e3,s21,nan,nan,,e,3,5,3,0,3,0,3.0,90.0,1,1,1,0,0,0,0,nan,nan,L Grounded Pass,0,1,s21,58
1743,2.0,R Shot On,59:24:04,59:26:04,59:27:04,,G3,a10,s10,nan,nan,,a,10,1,10,13,3,4,5.0,36.86989764584402,1,1,0,0,0,0,0,nan,nan,R Grounded Pass,0,1,s10,59
1745,3.0,R Shot On,59:51:11,59:53:11,59:54:11,,G4,e11,s17,nan,nan,,e,11,5,11,13,2,0,2.0,90.0,1,1,0,0,0,0,0,nan,nan,R Grounded Pass,0,1,s17,59
1748,8.0,R Goal,60:01:12,60:03:12,60:04:12,,G3,g10,s5,nan,nan,,g,10,7,10,13,3,2,3.605551275463989,56.30993247402022,1,1,1,0,0,0,0,nan,nan,L Grounded Pass,0,1,s5,60
1749,4.0,R Shot On,60:27:09,60:29:09,60:30:09,,G3,i4,s9,nan,nan,,i,4,9,4,0,4,4,5.656854249492381,44.99999999999999,1,1,0,0,0,0,0,nan,nan,R Goal,0,0,s9,60
1756,9.0,R Goal,61:42:19,61:44:19,61:45:19,,TB,e1,s22,nan,nan,,e,1,5,1,0,1,0,1.0,90.0,1,1,1,0,0,0,0,nan,nan,L Unsucc Pass,0,0,s22,61
1760,2.0,R Shot Wide,62:11:15,62:13:15,62:14:15,,G4,f6,OT 5,nan,nan,,f,6,6,6,0,6,1,6.082762530298219,80.53767779197439,1,0,0,0,0,0,0,nan,nan,R Unsucc Pass,0,0,OT 5,62
1774,10.0,R Goal,65:31:00,65:33:00,65:34:00,,G3,g10,s11,nan,nan,,g,10,7,10,13,3,2,3.605551275463989,56.30993247402022,1,1,1,0,0,0,0,nan,nan,R Grounded Pass,0,1,s11,65
1775,5.0,R Shot On,66:09:12,66:11:12,66:12:12,,G4,d10,s17,nan,nan,,d,10,4,10,13,3,1,3.1622776601683795,71.56505117707799,1,1,0,0,0,0,0,nan,nan,R Goal,0,0,s17,66
1777,1.0,Own Goal,66:26:19,66:28:19,66:29:19,,TG,e1,s22,nan,nan,,e,1,5,1,0,1,0,1.0,90.0,1,1,1,0,0,0,0,nan,nan,R Grounded Pass,0,1,s22,66
1780,11.0,R Goal,66:58:08,67:00:08,67:01:08,,TB,c2,s22,Solo Goal,HLs,,c,2,3,2,0,2,2,2.8284271247461903,44.99999999999999,1,1,1,0,0,0,0,nan,nan,R Grounded Pass,0,1,s22,67
1781,1.0,L Shot On,67:05:08,67:07:08,67:08:08,,G4,c11,s9,nan,nan,,c,11,3,11,13,2,2,2.8284271247461903,44.99999999999999,1,1,0,0,0,0,0,HLs,nan,R Goal,0,0,s9,67
1782,12.0,R Goal,67:10:13,67:12:13,67:13:13,,G4,c11,s9,nan,nan,,c,11,3,11,13,2,2,2.8284271247461903,44.99999999999999,1,1,1,0,0,0,0,nan,nan,L Shot On,0,0,s9,67
1783,2.0,L Goal,67:19:20,67:21:20,67:22:20,,TB,e1,s21,Tap In,nan,,e,1,5,1,0,1,0,1.0,90.0,1,1,1,0,0,0,1,nan,nan,R Goal,0,0,s21,67
1789,13.0,R Goal,69:22:15,69:24:15,69:25:15,,TG,f12,s22,Big Chance,nan,,f,12,6,12,13,1,1,1.4142135623730951,44.99999999999999,1,1,1,0,1,0,0,nan,nan,R Grounded Pass,0,1,s22,69
1792,1.0,R Shot Post,31:07:09,31:09:09,31:10:09,,B5,f4,s13,nan,nan,,f,4,6,4,0,4,1,4.123105625617661,75.96375653207352,1,0,0,0,0,0,0,nan,nan,R Unsucc Pass,0,0,s13,31
1793,1.0,R Goal,31:14:01,31:16:01,31:17:01,,TG,g10,s13,nan,nan,,g,10,7,10,13,3,2,3.605551275463989,56.30993247402022,1,1,1,0,0,0,0,nan,nan,R Shot Post,0,0,s13,31
1796,2.0,R Goal,31:54:11,31:56:11,31:57:11,,TG,f10,s16,nan,nan,,f,10,6,10,13,3,1,3.1622776601683795,71.56505117707799,1,1,1,0,0,0,0,Blunder,nan,R Unsucc Pass,0,0,s16,31
1797,3.0,R Goal,32:04:08,32:06:08,32:07:08,,TG,c8,s8,nan,nan,,c,8,3,8,13,5,2,5.385164807134504,68.19859051364821,1,1,1,0,0,0,0,nan,nan,R Goal,0,0,s8,32
1799,1.0,R Shot Wide,32:49:11,32:51:11,32:52:11,,B5,f10,OT 8,nan,nan,,f,10,6,10,13,3,1,3.1622776601683795,71.56505117707799,1,0,0,0,0,0,0,nan,nan,R Unsucc Pass,0,0,OT 8,32
1804,4.0,R Goal,33:22:12,33:24:12,33:25:12,,TB,d1,s22,nan,nan,,d,1,4,1,0,1,1,1.4142135623730951,44.99999999999999,1,1,1,0,0,0,0,nan,nan,R Unsucc Pass,0,0,s22,33
1807,1.0,R Shot On,33:52:17,33:54:17,33:55:17,,B1,b4,s5,nan,nan,,b,4,2,4,0,4,3,5.0,53.13010235415599,1,1,0,0,0,0,0,nan,nan,R Grounded Pass,0,1,s5,33
1808,2.0,R Shot On,34:08:10,34:10:10,34:11:10,,B3,f2,s21,nan,nan,,f,2,6,2,0,2,1,2.23606797749979,63.43494882292201,1,1,0,0,0,0,0,nan,nan,R Shot On,0,0,s21,34
1809,5.0,R Goal,34:15:04,34:17:04,34:18:04,,TG,e12,s20,nan,nan,,e,12,5,12,13,1,0,1.0,90.0,1,1,1,0,0,0,0,nan,nan,R Shot On,0,0,s20,34
1813,3.0,R Shot On,35:24:03,35:26:03,35:27:03,,B1,d3,s22,nan,nan,,d,3,4,3,0,3,1,3.1622776601683795,71.56505117707799,1,1,0,0,0,0,0,nan,nan,R Unsucc Pass,0,0,s22,35
1817,1.0,L Goal,36:05:18,36:07:18,36:08:18,,TB,g3,s20,nan,nan,,g,3,7,3,0,3,2,3.605551275463989,56.30993247402022,1,1,1,0,0,0,0,nan,nan,R Grounded Pass,0,1,s20,36
1821,1.0,L Shot Wide,36:36:05,36:38:05,36:39:05,,B1,d1,OT 1,nan,nan,,d,1,4,1,0,1,1,1.4142135623730951,44.99999999999999,1,0,0,0,0,0,0,Through Ball,nan,R Grounded Pass,1,1,OT 1,36
1827,2.0,R Shot Post,37:53:18,37:55:18,37:57:12,,B5,a2,s13,nan,nan,,a,2,1,2,0,2,4,4.47213595499958,26.56505117707799,1,0,0,0,0,0,0,nan,nan,R Grounded Pass,0,1,s13,37
1828,2.0,L Goal,38:20:06,38:22:06,38:23:06,,TG,f11,s14,nan,nan,,f,11,6,11,13,2,1,2.23606797749979,63.43494882292201,1,1,1,0,0,0,0,nan,nan,R Shot Post,0,0,s14,38
1831,2.0,R Shot Wide,38:43:22,38:45:22,38:46:22,,B1,g3,OT 4,nan,nan,,g,3,7,3,0,3,2,3.605551275463989,56.30993247402022,1,0,0,0,0,0,0,nan,nan,R Grounded Pass,0,1,OT 4,38
1835,3.0,L Goal,39:48:00,39:50:00,39:51:00,,TB,g3,s14,nan,nan,,g,3,7,3,0,3,2,3.605551275463989,56.30993247402022,1,1,1,0,0,0,0,nan,nan,R Grounded Pass,0,1,s14,39
1836,6.0,R Goal,39:56:18,39:58:18,39:59:18,,TG,d11,s16,nan,nan,,d,11,4,11,13,2,1,2.23606797749979,63.43494882292201,1,1,1,0,0,0,0,nan,nan,L Goal,0,0,s16,39
1839,4.0,R Shot On,40:12:02,40:14:02,40:15:02,,B5,d3,s16,nan,nan,,d,3,4,3,0,3,1,3.1622776601683795,71.56505117707799,1,1,0,0,0,0,0,nan,nan,R Grounded Pass,0,1,s16,40
1841,3.0,R Shot Wide,41:07:01,41:09:01,41:10:01,,B5,a3,OT 8,nan,nan,,a,3,1,3,0,3,4,5.0,36.86989764584402,1,0,0,0,0,0,0,nan,nan,R Unsucc Pass,0,0,OT 8,41
1845,4.0,R Shot Wide,42:05:12,42:07:12,42:08:12,,B5,c6,OT 1,nan,nan,,c,6,3,6,0,6,2,6.324555320336759,71.56505117707799,1,0,0,0,0,0,0,nan,nan,L Unsucc Pass,0,0,OT 1,42
1849,5.0,R Shot On,43:07:20,43:09:20,43:10:20,,B5,d3,s22,nan,nan,,d,3,4,3,0,3,1,3.1622776601683795,71.56505117707799,1,1,0,0,0,0,0,nan,nan,R Grounded Pass,0,1,s22,43
1850,7.0,R Goal,43:09:04,43:11:04,43:12:04,,B5,d3,s22,nan,nan,,d,3,4,3,0,3,1,3.1622776601683795,71.56505117707799,1,1,1,0,0,0,0,nan,nan,R Shot On,0,0,s22,43
1851,8.0,R Goal,43:36:12,43:38:12,43:39:12,,TG,d12,s18,nan,nan,,d,12,4,12,13,1,1,1.4142135623730951,44.99999999999999,1,1,1,0,0,0,0,nan,nan,R Goal,0,0,s18,43
1854,9.0,R Goal,44:07:06,44:09:06,44:10:06,,B5,g4,s14,Big Chance,nan,,g,4,7,4,0,4,2,4.47213595499958,63.43494882292201,1,1,1,0,1,0,0,nan,nan,R Grounded Pass,0,1,s14,44
1860,5.0,R Shot Wide,46:09:06,46:11:06,46:12:06,,B5,g2,OT 6,nan,nan,,g,2,7,2,0,2,2,2.8284271247461903,44.99999999999999,1,0,0,0,0,0,0,nan,nan,L Grounded Pass,0,1,OT 6,46
1864,10.0,R Goal,47:48:20,47:50:20,47:55:21,,TB,c2,s21,HLs,nan,,c,2,3,2,0,2,2,2.8284271247461903,44.99999999999999,1,1,1,0,0,0,0,nan,nan,R Grounded Pass,0,1,s21,47
1874,11.0,R Goal,50:05:11,50:07:11,50:08:11,,TB,f2,s9,Big Chance,Tap In,,f,2,6,2,0,2,1,2.23606797749979,63.43494882292201,1,1,1,0,1,0,1,nan,nan,R Grounded Pass,0,1,s9,50
1881,3.0,R Shot Post,52:05:13,52:07:13,52:08:13,,B5,a4,s6,HLs,nan,,a,4,1,4,0,4,4,5.656854249492381,44.99999999999999,1,0,0,0,0,0,0,nan,nan,R Unsucc Pass,0,0,s6,52
1882,12.0,R Goal,52:34:11,52:36:11,52:37:11,,B5,e9,s16,Long Range,nan,,e,9,5,4,13,9,0,9.0,90.0,1,1,1,0,0,0,0,nan,nan,R Shot Post,0,0,s16,52
1889,13.0,R Goal,53:15:07,53:17:07,53:18:07,,B3,f3,s17,Big Chance,nan,,f,3,6,3,0,3,1,3.1622776601683795,71.56505117707799,1,1,1,0,1,0,0,nan,nan,R Grounded Pass,0,1,s17,53
1892,14.0,R Goal,53:52:21,53:54:21,53:55:21,,B1,e2,s21,Big Chance,Tap In,,e,2,5,2,0,2,0,2.0,90.0,1,1,1,0,1,0,1,nan,nan,L Grounded Pass,0,1,s21,53
1893,4.0,L Goal,55:03:00,55:05:00,55:06:00,,TG,g11,s7,nan,nan,,g,11,7,11,13,2,2,2.8284271247461903,44.99999999999999,1,1,1,0,0,0,0,Tap In,nan,R Goal,0,0,s7,55
1895,6.0,R Shot Wide,56:03:23,56:05:23,56:06:23,,B1,g11,OT 1,nan,nan,,g,11,7,11,13,2,2,2.8284271247461903,44.99999999999999,1,0,0,0,0,0,0,nan,nan,R Grounded Pass,0,1,OT 1,56
1896,5.0,L Goal,57:10:24,57:12:24,57:13:24,,TG,f10,s8,nan,nan,,f,10,6,10,13,3,1,3.1622776601683795,71.56505117707799,1,1,1,0,0,0,0,nan,nan,R Shot Wide,0,0,s8,57
1899,15.0,R Goal,57:32:05,57:34:05,57:35:05,,TG,e10,s9,nan,nan,,e,10,5,10,13,3,0,3.0,90.0,1,1,1,0,0,0,0,nan,nan,R Unsucc Pass,0,0,s9,57
1905,6.0,L Goal,58:50:07,58:52:07,58:53:07,,B3,d1,s22,nan,nan,,d,1,4,1,0,1,1,1.4142135623730951,44.99999999999999,1,1,1,0,0,0,0,nan,nan,R Grounded Pass,0,1,s22,58
1907,7.0,R Shot Wide,59:08:13,59:10:13,59:11:13,,B5,c3,OT 1,nan,nan,,c,3,3,3,0,3,2,3.605551275463989,56.30993247402022,1,0,0,0,0,0,0,Through Ball,nan,R Grounded Pass,1,1,OT 1,59
1910,16.0,R Goal,59:21:21,59:23:21,59:24:21,,B5,a4,s9,HLs,nan,,a,4,1,4,0,4,4,5.656854249492381,44.99999999999999,1,1,1,0,0,0,0,nan,nan,R Grounded Pass,0,1,s9,59
1918,1.0,R Shot On,29:32:19,29:34:19,29:35:19,,B4,f9,s15,HLs,nan,,f,9,6,9,13,4,1,4.123105625617661,75.96375653207352,1,1,0,0,0,0,0,nan,nan,L Grounded Pass,0,1,s15,29
1924,2.0,R Shot On,30:43:00,30:45:00,30:46:00,,B4,e11,s17,Big Chance,nan,,e,11,5,11,13,2,0,2.0,90.0,1,1,0,0,1,0,0,nan,nan,R Grounded Pass,0,1,s17,30
1927,3.0,R Shot On,30:48:04,30:50:04,30:51:04,,TB,g12,s17,Big Chance,nan,,g,12,7,12,13,1,2,2.23606797749979,26.56505117707799,1,1,0,0,1,0,0,nan,nan,L Grounded Pass,0,1,s17,30
1930,4.0,R Shot On,31:39:20,31:41:20,31:42:20,,B4,b9,s9,HLs,nan,,b,9,2,9,13,4,3,5.0,53.13010235415599,1,1,0,0,0,0,0,nan,nan,R Grounded Pass,0,1,s9,31
1936,1.0,R Shot Post,32:21:02,32:23:02,32:24:02,,TB,b9,s4,HLs,nan,,b,9,2,9,13,4,3,5.0,53.13010235415599,1,0,0,0,0,0,0,nan,nan,R Grounded Pass,0,1,s4,32
1938,1.0,L Shot Wide,32:50:01,32:52:01,32:53:01,,TG,f2,OT 1,Big Chance,nan,,f,2,6,2,0,2,1,2.23606797749979,63.43494882292201,1,0,0,0,1,0,0,nan,nan,R Grounded Pass,0,1,OT 1,32
1943,2.0,L Shot Wide,33:48:13,33:50:13,33:51:13,,TB,c10,OT 2,nan,nan,,c,10,3,10,13,3,2,3.605551275463989,56.30993247402022,1,0,0,0,0,0,0,nan,nan,L Grounded Pass,0,1,OT 2,33
1945,5.0,R Shot On,33:59:08,34:01:08,34:02:08,,TG,b3,s11,nan,nan,,b,3,2,3,0,3,3,4.242640687119285,45.00000000000001,1,1,0,0,0,0,0,nan,nan,R Grounded Pass,0,1,s11,34
1973,6.0,R Shot On,38:35:22,38:37:22,38:38:22,,TB,e10,s15,Big Chance,nan,,e,10,5,10,13,3,0,3.0,90.0,1,1,0,0,1,0,0,HLs,nan,L Grounded Pass,0,1,s15,38
1976,1.0,R Shot Wide,39:02:11,39:04:11,39:05:11,,B4,d9,OT 2,nan,nan,,d,9,4,9,13,4,1,4.123105625617661,75.96375653207352,1,0,0,0,0,0,0,nan,nan,R Grounded Pass,0,1,OT 2,39
1983,2.0,R Shot Wide,42:28:12,42:30:12,42:31:12,,TG,f3,OT 1,nan,nan,,f,3,6,3,0,3,1,3.1622776601683795,71.56505117707799,1,0,0,0,0,0,0,nan,nan,R Grounded Pass,0,1,OT 1,42
1989,3.0,R Shot Wide,43:37:22,43:39:22,43:44:16,,G3,e2,OT 1,Big Chance,HLs,,e,2,5,2,0,2,0,2.0,90.0,1,0,0,0,1,0,0,HLs,nan,R Unsucc Pass,0,0,OT 1,43
1992,1.0,R Goal,44:07:01,44:09:01,44:10:01,,TB,f10,s17,Big Chance,nan,,f,10,6,10,13,3,1,3.1622776601683795,71.56505117707799,1,1,1,0,1,0,0,nan,nan,R Grounded Pass,0,1,s17,44
1996,4.0,R Shot Wide,44:29:16,44:31:16,44:32:16,,B4,d10,OT 1,Big Chance,nan,,d,10,4,10,13,3,1,3.1622776601683795,71.56505117707799,1,0,0,0,1,0,0,nan,nan,R Grounded Pass,0,1,OT 1,44
2001,7.0,R Shot On,45:31:23,45:33:23,45:34:23,,TB,d10,s10,Big Chance,nan,,d,10,4,10,13,3,1,3.1622776601683795,71.56505117707799,1,1,0,0,1,0,0,nan,nan,R Grounded Pass,0,1,s10,45
2005,5.0,R Shot Wide,46:21:17,46:23:17,46:24:17,,B4,d11,OT 3,Big Chance,nan,,d,11,4,11,13,2,1,2.23606797749979,63.43494882292201,1,0,0,0,1,0,0,nan,nan,L Grounded Pass,0,1,OT 3,46
2007,8.0,R Shot On,46:36:16,46:38:16,46:39:16,,TG,d3,s15,Big Chance,nan,,d,3,4,3,0,3,1,3.1622776601683795,71.56505117707799,1,1,0,0,1,0,0,nan,nan,R Grounded Pass,0,1,s15,46
2010,2.0,R Goal,46:43:16,46:45:16,46:46:17,,TB,f11,s21,Counter Attack,Tap In,,f,11,6,11,13,2,1,2.23606797749979,63.43494882292201,1,1,1,0,0,1,1,nan,nan,R Grounded Pass,0,1,s21,46
2017,3.0,R Goal,47:58:01,48:00:01,48:08:15,,G3,f2,s14,Big Chance,HLs,,f,2,6,2,0,2,1,2.23606797749979,63.43494882292201,1,1,1,0,1,0,0,nan,nan,L Unsucc Pass,0,0,s14,48
2021,9.0,R Shot On,48:24:10,48:26:10,48:30:21,,G3,e5,s20,HLs,nan,,e,5,5,5,0,5,0,5.0,90.0,1,1,0,0,0,0,0,nan,nan,R Grounded Pass,0,1,s20,48
2028,6.0,R Shot Wide,50:08:06,50:10:06,50:11:06,,B4,b9,OT 7,nan,nan,,b,9,2,9,13,4,3,5.0,53.13010235415599,1,0,0,0,0,0,0,nan,nan,R Unsucc Pass,0,0,OT 7,50
2031,10.0,R Shot On,51:13:15,51:15:15,51:16:15,,TB,g11,s11,nan,nan,,g,11,7,11,13,2,2,2.8284271247461903,44.99999999999999,1,1,0,0,0,0,0,nan,nan,R Grounded Pass,0,1,s11,51
2033,2.0,R Shot Post,51:25:11,51:27:11,51:28:11,,B4,f10,s18,HLs,nan,,f,10,6,10,13,3,1,3.1622776601683795,71.56505117707799,1,0,0,0,0,0,0,nan,nan,L Grounded Pass,0,1,s18,51
2036,1.0,L Shot On,51:56:19,51:58:19,51:59:19,,TB,d10,s22,Big Chance,nan,,d,10,4,10,13,3,1,3.1622776601683795,71.56505117707799,1,1,0,0,1,0,0,nan,nan,R Grounded Pass,0,1,s22,51
2037,11.0,R Shot On,51:57:21,51:59:21,52:00:21,,TB,f11,s16,Big Chance,nan,,f,11,6,11,13,2,1,2.23606797749979,63.43494882292201,1,1,0,0,1,0,0,nan,nan,L Shot On,0,0,s16,51
2049,12.0,R Shot On,53:33:11,53:35:11,53:36:11,,B4,e10,s16,Big Chance,nan,,e,10,5,10,13,3,0,3.0,90.0,1,1,0,0,1,0,0,nan,nan,R Grounded Pass,0,1,s16,53
